"","beta","lamda1","lamda2","lamda.twa","R0","snail.prev","W1","W2","W3","W4","likelihood_range1","likelihood_range2","likelihood_range3","likelihood_range4","likelihood_range234","likelihood_range1234"
"61",4e-06,5e-05,7e-05,5.73400673400673e-05,1.3086478677269,6.25623349752343,13.5365651517224,0.973643114282168,2.12947957957218,1.51135110497379,1.80749102199551e-91,0.166539966132017,2.26493479049589e-07,0.000106061413704835,26.2445619010937,7.23115607266991e-103
"62",4e-06,5e-05,8e-05,6.1010101010101e-05,1.3086478677269,6.25623349752343,13.5365651517224,0.973643114282168,2.47923295109525,1.56398926832913,1.80749102199551e-91,0.166539966132017,2.76640837940263e-07,0.000137642580503701,25.7839159765614,1.14620874690554e-102
"63",4e-06,5e-05,9e-05,6.46801346801347e-05,1.3086478677269,6.25623349752343,13.5365651517224,0.973643114282168,2.8386775181783,1.61734553681532,1.80749102199551e-91,0.166539966132017,3.39185614787112e-07,0.000178516316385894,25.3200688572987,1.82267804633293e-102
"64",4e-06,5e-05,1e-04,6.83501683501684e-05,1.3086478677269,6.25623349752343,13.5365651517224,0.973643114282168,3.20776081213365,1.67138672553862,1.80749102199551e-91,0.166539966132017,4.17393004719236e-07,0.000231307901844663,24.8535183897162,2.90623183837473e-102
"65",4e-06,5e-05,2e-04,0.000105050505050505,1.3086478677269,6.25623349752343,13.5365651517224,0.973643114282168,7.42224885744609,2.24220573161154,1.80749102199551e-91,0.166539966132017,3.91667558906062e-06,0.00274273141758154,20.1415882769181,3.23366855406684e-100
"66",4e-06,5e-05,3e-04,0.000141750841750842,1.3086478677269,6.25623349752343,13.5365651517224,0.973643114282168,12.5589380499003,2.84686149320629,1.80749102199551e-91,0.166539966132017,4.33956854403652e-05,0.0222739248281248,15.6420090720411,2.90963105194345e-98
"67",4e-06,5e-05,4e-04,0.000178451178451178,1.3086478677269,6.25623349752343,13.5365651517224,0.973643114282168,18.5447908451308,3.46060160019795,1.80749102199551e-91,0.166539966132017,0.000456825158542996,0.107437350371058,11.7145771756034,1.47740622165283e-96
"68",4e-06,5e-05,5e-04,0.000215151515151515,1.3086478677269,6.25623349752343,13.5365651517224,0.973643114282168,25.2788753238201,4.06759957240034,1.80749102199551e-91,0.166539966132017,0.00362317028000425,0.294622163571963,8.63498737500593,3.21328155078835e-95
"69",4e-06,5e-05,6e-04,0.000251851851851852,1.3086478677269,6.25623349752343,13.5365651517224,0.973643114282168,32.6505642126542,4.65976541513274,1.80749102199551e-91,0.166539966132017,0.0173451795919628,0.466484221359414,6.60949168876455,2.43562475902197e-94
"70",4e-06,5e-05,7e-04,0.000288552188552189,1.3086478677269,6.25623349752343,13.5365651517224,0.973643114282168,40.5534671400339,5.23427264919537,1.80749102199551e-91,0.166539966132017,0.041200269589393,0.444024526008387,5.79370592007102,5.50682959725074e-94
"71",4e-06,6e-05,7e-05,6.36700336700337e-05,1.43355191397012,8.52449019326331,21.5008107751037,1.710396480381,3.10452133835663,2.6537586823743,3.22600303447545e-256,1.05441559855758e-05,3.93931487902479e-07,0.0121004320065382,30.6215417418757,1.62142985642468e-269
"72",4e-06,6e-05,8e-05,6.73400673400673e-05,1.43355191397012,8.52449019326331,21.5008107751037,1.710396480381,3.59263246563336,2.72064914595294,3.22600303447545e-256,1.05441559855758e-05,5.17199392128011e-07,0.0150419336439858,30.1316895538701,2.6462950710998e-269
"73",4e-06,6e-05,9e-05,7.1010101010101e-05,1.43355191397012,8.52449019326331,21.5008107751037,1.710396480381,4.09075774801125,2.78785005995154,3.22600303447545e-256,1.05441559855758e-05,6.80585898479971e-07,0.0185931901576938,29.645210466735,4.30440820926067e-269
"74",4e-06,6e-05,1e-04,7.46801346801347e-05,1.43355191397012,8.52449019326331,21.5008107751037,1.710396480381,4.59877082661806,2.85532568017703,3.22600303447545e-256,1.05441559855758e-05,8.97383785665552e-07,0.0228488737705559,29.1625744490264,6.97460489503401e-269
"75",4e-06,6e-05,2e-04,0.000111380471380471,1.43355191397012,8.52449019326331,21.5008107751037,1.710396480381,10.1984975698418,3.53824277442127,3.22600303447545e-256,1.05441559855758e-05,1.50190494617295e-05,0.12600294417227,24.6375799908636,6.43724048652509e-267
"76",4e-06,6e-05,3e-04,0.000148080808080808,1.43355191397012,8.52449019326331,21.5008107751037,1.710396480381,16.6620610114819,4.21892922825139,3.22600303447545e-256,1.05441559855758e-05,0.000229519377244458,0.348073183969264,20.8948044086826,2.7174810008936e-265
"77",4e-06,6e-05,4e-04,0.000184781144781145,1.43355191397012,8.52449019326331,21.5008107751037,1.710396480381,23.8648641491142,4.88216177399706,3.22600303447545e-256,1.05441559855758e-05,0.00246756709260042,0.484915448455624,18.1882421193704,4.07016095320861e-264
"78",4e-06,6e-05,5e-04,0.000221481481481481,1.43355191397012,8.52449019326331,21.5008107751037,1.710396480381,31.6830235606758,5.52169074714234,3.22600303447545e-256,1.05441559855758e-05,0.0147250017031531,0.360746355012835,16.6977274056116,1.80689908922259e-263
"79",4e-06,6e-05,6e-04,0.000258181818181818,1.43355191397012,8.52449019326331,21.5008107751037,1.710396480381,40.0049117450106,6.13663590306312,3.22600303447545e-256,1.05441559855758e-05,0.0398685507951467,0.153520282509241,16.5560288401131,2.08196202671908e-263
"80",4e-06,6e-05,7e-04,0.000294882154882155,1.43355191397012,8.52449019326331,21.5008107751037,1.710396480381,48.7360570310207,6.72877838012043,3.22600303447545e-256,1.05441559855758e-05,0.0415538218451913,0.0397702401562381,17.8653409477671,5.62141671422178e-264
"1051",4.5e-06,4e-05,7e-05,5.1010101010101e-05,1.24149237514193,3.62364054730802,6.38790666928829,0.37429760308302,1.04415019509648,0.573299776271814,1.04725838238058e-14,1.48327940165033,1.20491571038447e-07,5.13055283578276e-07,30.0203128202617,9.60279466119803e-28
"1052",4.5e-06,4e-05,8e-05,5.46801346801347e-05,1.24149237514193,3.62364054730802,6.38790666928829,0.37429760308302,1.2314530283443,0.605409071960544,1.04725838238058e-14,1.48327940165033,1.34509277323901e-07,6.29147811028629e-07,29.7062768296528,1.3145640164967e-27
"1053",4.5e-06,4e-05,9e-05,5.83501683501684e-05,1.24149237514193,3.62364054730802,6.38790666928829,0.37429760308302,1.42669591463564,0.638540701088374,1.04725838238058e-14,1.48327940165033,1.50784011591131e-07,7.75297318958527e-07,29.3831812063111,1.81593536504001e-27
"1054",4.5e-06,4e-05,1e-04,6.2020202020202e-05,1.24149237514193,3.62364054730802,6.38790666928829,0.37429760308302,1.62990311186973,0.672684203237698,1.04725838238058e-14,1.48327940165033,1.69724571355166e-07,9.59881088675962e-07,29.0512898599955,2.53069010399656e-27
"1055",4.5e-06,4e-05,2e-04,9.87205387205387e-05,1.24149237514193,3.62364054730802,6.38790666928829,0.37429760308302,4.11594902704327,1.06630350538587,1.04725838238058e-14,1.48327940165033,6.90039289044733e-07,9.94128477560666e-06,25.3110761444897,1.06559738143695e-25
"1056",4.5e-06,4e-05,3e-04,0.000135420875420875,1.24149237514193,3.62364054730802,6.38790666928829,0.37429760308302,7.47834924345144,1.538989229523,1.04725838238058e-14,1.48327940165033,4.02865249584563e-06,0.000121678353715832,21.0419525975095,7.61464995471802e-24
"1057",4.5e-06,4e-05,4e-04,0.000172121212121212,1.24149237514193,3.62364054730802,6.38790666928829,0.37429760308302,11.7527945769588,2.06328899880802,1.04725838238058e-14,1.48327940165033,3.04606794658671e-05,0.00133060577480789,16.6269394261737,6.29601568750761e-22
"1058",4.5e-06,4e-05,5e-04,0.000208821548821549,1.24149237514193,3.62364054730802,6.38790666928829,0.37429760308302,16.9171176804115,2.61266660733458,1.04725838238058e-14,1.48327940165033,0.000252656989525477,0.0105516982572263,12.4406907731093,4.14124086946056e-20
"1059",4.5e-06,4e-05,6e-04,0.000245521885521885,1.24149237514193,3.62364054730802,6.38790666928829,0.37429760308302,22.9006187664183,3.16714045422851,1.04725838238058e-14,1.48327940165033,0.00186981099045708,0.0542702695652495,8.8014412032405,1.57629136990918e-18
"1060",4.5e-06,4e-05,7e-04,0.000282222222222222,1.24149237514193,3.62364054730802,6.38790666928829,0.37429760308302,29.6029135215114,3.7146254588165,1.04725838238058e-14,1.48327940165033,0.00992177479888447,0.175093132820827,5.96120527317172,2.69857995161316e-17
"1061",4.5e-06,5e-05,7e-05,5.73400673400673e-05,1.38803067218251,7.71912175144839,16.4009716702,1.24801512941402,2.76241036964661,1.98556954678123,4.16410433871111e-141,0.0111841896351127,3.2487641573914e-07,0.000957621007674729,26.384133590025,1.44889854071378e-152
"1062",4.5e-06,5e-05,8e-05,6.1010101010101e-05,1.38803067218251,7.71912175144839,16.4009716702,1.24801512941402,3.20892325646544,2.0485566240695,4.16410433871111e-141,0.0111841896351127,4.1766463592817e-07,0.00125102971939781,25.8656294618053,2.43344456210423e-152
"1063",4.5e-06,5e-05,9e-05,6.46801346801347e-05,1.38803067218251,7.71912175144839,16.4009716702,1.24801512941402,3.66671567660427,2.11203810724695,4.16410433871111e-141,0.0111841896351127,5.3886699540784e-07,0.0016280840261898,25.3474025955548,4.08586981700799e-152
"1064",4.5e-06,5e-05,1e-04,6.83501683501684e-05,1.38803067218251,7.71912175144839,16.4009716702,1.24801512941402,4.13566592189561,2.17596734907212,4.16410433871111e-141,0.0111841896351127,6.97525689477582e-07,0.00210998615223088,24.8300545252815,6.85434464126431e-152
"1065",4.5e-06,5e-05,2e-04,0.000105050505050505,1.38803067218251,7.71912175144839,16.4009716702,1.24801512941402,9.41453745336783,2.83065618725459,4.16410433871111e-141,0.0111841896351127,1.03844099748571e-05,0.0212069344115632,19.8218861109901,1.02561849536962e-149
"1066",4.5e-06,5e-05,3e-04,0.000141750841750842,1.38803067218251,7.71912175144839,16.4009716702,1.24801512941402,15.6761265340288,3.49030230127971,4.16410433871111e-141,0.0111841896351127,0.000157035514607392,0.114312435625548,15.4211126241875,8.36021575298508e-148
"1067",4.5e-06,5e-05,4e-04,0.000178451178451178,1.38803067218251,7.71912175144839,16.4009716702,1.24801512941402,22.7734334701637,4.1342895265548,4.16410433871111e-141,0.0111841896351127,0.00180094735862899,0.31840869702351,11.9571160905011,2.67061980515637e-146
"1068",4.5e-06,5e-05,5e-04,0.000215151515151515,1.38803067218251,7.71912175144839,16.4009716702,1.24801512941402,30.5552320826191,4.75431334422729,4.16410433871111e-141,0.0111841896351127,0.0119738610349918,0.478486679090304,9.65541029718262,2.66827256214439e-145
"1069",4.5e-06,5e-05,6e-04,0.000251851851851852,1.38803067218251,7.71912175144839,16.4009716702,1.24801512941402,38.8853846193971,5.34926111429345,4.16410433871111e-141,0.0111841896351127,0.0368163985373903,0.414648236447426,8.67539079954429,7.1096341030976e-145
"1070",4.5e-06,5e-05,7e-04,0.000288552188552189,1.38803067218251,7.71912175144839,16.4009716702,1.24801512941402,47.6507805804113,5.92134038019017,4.16410433871111e-141,0.0111841896351127,0.0437186981664045,0.22063472734198,9.13448029276823,4.49228412842528e-145
"1071",4.5e-06,6e-05,7e-05,6.36700336700337e-05,1.52051141932684,9.66195340377234,23.9366753065383,1.97624016815627,3.61975386916756,3.11447897016417,2.96439387504748e-323,4.86802048768506e-08,5.2503328389147e-07,0.0473685707624215,34.3475938729558,0
"1072",4.5e-06,6e-05,8e-05,6.73400673400673e-05,1.52051141932684,9.66195340377234,23.9366753065383,1.97624016815627,4.18375375915835,3.18738468979856,2.96439387504748e-323,4.86802048768506e-08,7.16111034272133e-07,0.0571211444373316,33.8500048918843,0
"1073",4.5e-06,6e-05,9e-05,7.1010101010101e-05,1.52051141932684,9.66195340377234,23.9366753065383,1.97624016815627,4.75844578123928,3.26035376053649,2.96439387504748e-323,4.86802048768506e-08,9.7816830494744e-07,0.0683532209634481,33.3586440433258,0
"1074",4.5e-06,6e-05,1e-04,7.46801346801347e-05,1.52051141932684,9.66195340377234,23.9366753065383,1.97624016815627,5.34364118250394,3.33334945577662,2.96439387504748e-323,4.86802048768506e-08,1.33762708253226e-06,0.0811579326983798,32.8739649441794,0
"1075",4.5e-06,6e-05,2e-04,0.000111380471380471,1.52051141932684,9.66195340377234,23.9366753065383,1.97624016815627,11.7352272051321,4.0582169020584,2.96439387504748e-323,4.86802048768506e-08,3.02237023819227e-05,0.291267734997784,28.4783898377819,0
"1076",4.5e-06,6e-05,3e-04,0.000148080808080808,1.52051141932684,9.66195340377234,23.9366753065383,1.97624016815627,18.9886331373166,4.76012963087971,2.96439387504748e-323,4.86802048768506e-08,0.000533578354054238,0.479028406234233,25.1098933703683,0
"1077",4.5e-06,6e-05,4e-04,0.000184781144781145,1.52051141932684,9.66195340377234,23.9366753065383,1.97624016815627,26.9400048372548,5.43029713886788,2.96439387504748e-323,4.86802048768506e-08,0.00549678636427308,0.390511230188551,22.9818835667381,0
"1078",4.5e-06,6e-05,5e-04,0.000221481481481481,1.52051141932684,9.66195340377234,23.9366753065383,1.97624016815627,35.4456592220988,6.06837151557693,2.96439387504748e-323,4.86802048768506e-08,0.0259332917657085,0.173511250827017,22.241733934955,0
"1079",4.5e-06,6e-05,6e-04,0.000258181818181818,1.52051141932684,9.66195340377234,23.9366753065383,1.97624016815627,44.3883484222591,6.67767068925314,2.96439387504748e-323,4.86802048768506e-08,0.0462857824069031,0.0456099801275106,22.9985425246461,0
"1080",4.5e-06,6e-05,7e-04,0.000294882154882155,1.52051141932684,9.66195340377234,23.9366753065383,1.97624016815627,53.6762375485142,7.26257199031289,2.96439387504748e-323,4.86802048768506e-08,0.0269818319131094,0.0075495432644021,25.3368531041013,0
"2051",5e-06,4e-05,7e-05,5.1010101010101e-05,1.3086478677269,5.95118945537914,10.3182979590021,0.707540945990571,2.01138416284532,1.16022071008941,1.38432606819051e-48,0.824570215971697,2.11624131185628e-07,1.67873991413282e-05,26.5562290847666,4.05522210429035e-60
"2052",5e-06,4e-05,8e-05,5.46801346801347e-05,1.3086478677269,5.95118945537914,10.3182979590021,0.707540945990571,2.35398177079597,1.21239710945553,1.38432606819051e-48,0.824570215971697,2.57568479138489e-07,2.23331388531051e-05,26.0743121278719,6.56611554178487e-60
"2053",5e-06,4e-05,9e-05,5.83501683501684e-05,1.3086478677269,5.95118945537914,10.3182979590021,0.707540945990571,2.70845055652201,1.26548606126358,1.38432606819051e-48,0.824570215971697,3.15103737274459e-07,2.9736594999796e-05,25.5863890221422,1.06957398960893e-59
"2054",5e-06,4e-05,1e-04,6.2020202020202e-05,1.3086478677269,5.95118945537914,10.3182979590021,0.707540945990571,3.0747472195747,1.31943620557958,1.38432606819051e-48,0.824570215971697,3.87403233377592e-07,3.96092784539475e-05,25.093139881137,1.75156481719462e-59
"2055",5e-06,4e-05,2e-04,9.87205387205387e-05,1.3086478677269,5.95118945537914,10.3182979590021,0.707540945990571,7.38058125000901,1.89509697284912,1.38432606819051e-48,0.824570215971697,3.83542050017832e-06,0.000645675418228613,20.0093380888707,2.8267882577552e-57
"2056",5e-06,4e-05,3e-04,0.000135420875420875,1.3086478677269,5.95118945537914,10.3182979590021,0.707540945990571,12.804477489081,2.50461777598589,1.38432606819051e-48,0.824570215971697,4.82511302729437e-05,0.00727373345459093,15.0554698605041,4.00618420436404e-55
"2057",5e-06,4e-05,4e-04,0.000172121212121212,1.3086478677269,5.95118945537914,10.3182979590021,0.707540945990571,19.2199425178073,3.11470630802147,1.38432606819051e-48,0.824570215971697,0.000577952045931843,0.0473968103629972,10.6981129814413,3.12684938511589e-53
"2058",5e-06,4e-05,5e-04,0.000208821548821549,1.3086478677269,5.95118945537914,10.3182979590021,0.707540945990571,26.4630881369731,3.70833278940486,1.38432606819051e-48,0.824570215971697,0.004895427178544,0.173186804839113,7.26573118747754,9.67768396017549e-52
"2059",5e-06,4e-05,6e-04,0.000245521885521885,1.3086478677269,5.95118945537914,10.3182979590021,0.707540945990571,34.3698495246774,4.27995118525706,1.38432606819051e-48,0.824570215971697,0.0224926044135495,0.368730932845007,4.98514977546471,9.46706498380085e-51
"2060",5e-06,4e-05,7e-04,0.000282222222222222,1.3086478677269,5.95118945537914,10.3182979590021,0.707540945990571,42.7974289112074,4.83001022758425,1.38432606819051e-48,0.824570215971697,0.0451781470756501,0.483691290441152,4.01634316499076,2.49438061740505e-50
"2061",5e-06,5e-05,7e-05,5.73400673400673e-05,1.46311279542375,8.83822156082488,18.4708561375528,1.46284797684527,3.2641129848372,2.3635892282284,1.06522301485274e-183,0.000640621118230312,4.30757417676848e-07,0.00436121639257384,27.4457973677236,1.28198278357817e-195
"2062",5e-06,5e-05,8e-05,6.1010101010101e-05,1.46311279542375,8.83822156082488,18.4708561375528,1.46284797684527,3.78611229736925,2.4332168483874,1.06522301485274e-183,0.000640621118230312,5.75624711413216e-07,0.00563483126446005,26.8996703624197,2.2134113758371e-195
"2063",5e-06,5e-05,9e-05,6.46801346801347e-05,1.46311279542375,8.83822156082488,18.4708561375528,1.46284797684527,4.32031395233885,2.50307938396618,1.06522301485274e-183,0.000640621118230312,7.7150296554575e-07,0.00723440703736148,26.356904556059,3.80874881703624e-195
"2064",5e-06,5e-05,1e-04,6.83501683501684e-05,1.46311279542375,8.83822156082488,18.4708561375528,1.46284797684527,4.86651802961025,2.57312562765932,1.06522301485274e-183,0.000640621118230312,1.03673110828393e-06,0.00922711689951581,25.8181189562236,6.52790679975809e-195
"2065",5e-06,5e-05,2e-04,0.000105050505050505,1.46311279542375,8.83822156082488,18.4708561375528,1.46284797684527,10.9467732941286,3.27441072555513,1.06522301485274e-183,0.000640621118230312,2.11959038525166e-05,0.0706944501077501,20.7641631728062,1.02253705204518e-192
"2066",5e-06,5e-05,3e-04,0.000141750841750842,1.46311279542375,8.83822156082488,18.4708561375528,1.46284797684527,18.0124747311668,3.9574303058841,1.06522301485274e-183,0.000640621118230312,0.000377864255154451,0.255452750673797,16.5987657105025,6.58700793502382e-191
"2067",5e-06,5e-05,4e-04,0.000178451178451178,1.46311279542375,8.83822156082488,18.4708561375528,1.46284797684527,25.8661458508445,4.60909467819416,1.06522301485274e-183,0.000640621118230312,0.00421630657278715,0.457681389863481,13.6034501011533,1.31685278726073e-189
"2068",5e-06,5e-05,5e-04,0.000215151515151515,1.46311279542375,8.83822156082488,18.4708561375528,1.46284797684527,34.3327042991762,5.22814942580948,1.06522301485274e-183,0.000640621118230312,0.0223760948480268,0.445401848728116,11.9616128127199,6.80108342095195e-189
"2069",5e-06,5e-05,6e-04,0.000251851851851852,1.46311279542375,8.83822156082488,18.4708561375528,1.46284797684527,43.2711920301629,5.81826315054576,1.06522301485274e-183,0.000640621118230312,0.0456678246220985,0.256185770859209,11.8012860707121,7.98375353054008e-189
"2070",5e-06,5e-05,7e-04,0.000288552188552189,1.46311279542375,8.83822156082488,18.4708561375528,1.46284797684527,52.5738979413698,6.38437679591888,1.06522301485274e-183,0.000640621118230312,0.0305705469818328,0.0929214173312205,13.2167917234325,1.93847777960602e-189
"3051",5.5e-06,4e-05,7e-05,5.1010101010101e-05,1.37252146281097,7.25026233518643,12.3837152737505,0.900542079529391,2.57929536797311,1.50790804052281,1.53608190420538e-74,0.285630901499246,2.92842996572423e-07,0.000104253667970573,25.4653675888001,1.33950935039377e-85
"3052",5.5e-06,4e-05,8e-05,5.46801346801347e-05,1.37252146281097,7.25026233518643,12.3837152737505,0.900542079529391,3.01078674810619,1.56953203235542,1.53608190420538e-74,0.285630901499246,3.73727706661619e-07,0.000141438857539548,24.9164362540496,2.31922881998177e-85
"3053",5.5e-06,4e-05,9e-05,5.83501683501684e-05,1.37252146281097,7.25026233518643,12.3837152737505,0.900542079529391,3.45589154509748,1.63181095467703,1.53608190420538e-74,0.285630901499246,4.79374912328393e-07,0.000191416015717154,24.3648991093182,4.02599413312771e-85
"3054",5.5e-06,4e-05,1e-04,6.2020202020202e-05,1.37252146281097,7.25026233518643,12.3837152737505,0.900542079529391,3.91446744509706,1.69467542894007,1.53608190420538e-74,0.285630901499246,6.17809281819588e-07,0.000258285019338943,23.8115877451137,7.00121170069892e-85
"3055",5.5e-06,4e-05,2e-04,9.87205387205387e-05,1.37252146281097,7.25026233518643,12.3837152737505,0.900542079529391,9.20874260720553,2.34201221150563,1.53608190420538e-74,0.285630901499246,9.41273981228651e-06,0.00402247708929445,18.3423587176932,1.66122782506546e-82
"3056",5.5e-06,4e-05,3e-04,0.000135420875420875,1.37252146281097,7.25026233518643,12.3837152737505,0.900542079529391,15.6619845750343,2.99137542142717,1.53608190420538e-74,0.285630901499246,0.000156168100579974,0.0339203048519593,13.4013738996148,2.3241900545303e-80
"3057",5.5e-06,4e-05,4e-04,0.000172121212121212,1.37252146281097,7.25026233518643,12.3837152737505,0.900542079529391,23.058352616123,3.61767602468202,1.53608190420538e-74,0.285630901499246,0.00195829054691498,0.146960548016594,9.406329321149,1.26269207243937e-78
"3058",5.5e-06,4e-05,5e-04,0.000208821548821549,1.37252146281097,7.25026233518643,12.3837152737505,0.900542079529391,31.1860684257022,4.21421548380685,1.53608190420538e-74,0.285630901499246,0.0134708156438417,0.346447130074202,6.62030964836489,2.04762500415427e-77
"3059",5.5e-06,4e-05,6e-04,0.000245521885521885,1.37252146281097,7.25026233518643,12.3837152737505,0.900542079529391,39.8682728709634,4.78291377438199,1.53608190420538e-74,0.285630901499246,0.0395186388756693,0.480924849580328,5.21608196290521,8.33870786765121e-77
"3060",5.5e-06,4e-05,7e-04,0.000282222222222222,1.37252146281097,7.25026233518643,12.3837152737505,0.900542079529391,48.9695105939935,5.32841709968485,1.53608190420538e-74,0.285630901499246,0.041017125674112,0.420434246871824,5.31328763667396,7.56628806165216e-77
"3061",5.5e-06,5e-05,7e-05,5.73400673400673e-05,1.53452564571139,9.74833338134265,20.0801275424789,1.64076355931475,3.68180939637852,2.67904913036372,1.03784475726883e-220,3.65481174815109e-05,5.43386721906324e-07,0.013148274297488,28.9737902149527,2.71003678352826e-233
"3062",5.5e-06,5e-05,8e-05,6.1010101010101e-05,1.53452564571139,9.74833338134265,20.0801275424789,1.64076355931475,4.26568868255141,2.75301963852448,1.03784475726883e-220,3.65481174815109e-05,7.48871884412341e-07,0.0166726932069309,28.4155618304622,4.73598908337163e-233
"3063",5.5e-06,5e-05,9e-05,6.46801346801347e-05,1.53452564571139,9.74833338134265,20.0801275424789,1.64076355931475,4.8622710373615,2.82697105422475,1.03784475726883e-220,3.65481174815109e-05,1.03436794619103e-06,0.0209703851303362,27.8632449446457,8.2277079652696e-233
"3064",5.5e-06,5e-05,1e-04,6.83501683501684e-05,1.53452564571139,9.74833338134265,20.0801275424789,1.64076355931475,5.47128015453968,2.90085427777471,1.03784475726883e-220,3.65481174815109e-05,1.43124834923122e-06,0.0261583761858456,27.3174302281351,1.42011393155032e-232
"3065",5.5e-06,5e-05,2e-04,0.000105050505050505,1.53452564571139,9.74833338134265,20.0801275424789,1.64076355931475,12.1872098843994,3.62782661892867,1.03784475726883e-220,3.65481174815109e-05,3.69013336031059e-05,0.149777919495788,22.3227453636121,2.0964632964492e-230
"3066",5.5e-06,5e-05,3e-04,0.000141750841750842,1.53452564571139,9.74833338134265,20.0801275424789,1.64076355931475,19.86353270996,4.31898527790518,1.03784475726883e-220,3.65481174815109e-05,0.000719074983255652,0.381481300676739,18.4181192405372,1.04050660787323e-228
"3067",5.5e-06,5e-05,4e-04,0.000178451178451178,1.53452564571139,9.74833338134265,20.0801275424789,1.64076355931475,28.2707549952737,4.9691352123451,1.03784475726883e-220,3.65481174815109e-05,0.0074725855327657,0.482630170332503,15.8418997074372,1.36798951898233e-227
"3068",5.5e-06,5e-05,5e-04,0.000215151515151515,1.53452564571139,9.74833338134265,20.0801275424789,1.64076355931475,37.2251565812634,5.58254885341157,1.03784475726883e-220,3.65481174815109e-05,0.0317129406747995,0.339861080273219,14.7471296689065,4.08823033764471e-227
"3069",5.5e-06,5e-05,6e-04,0.000251851851851852,1.53452564571139,9.74833338134265,20.0801275424789,1.64076355931475,46.5896781589357,6.16594615657675,1.03784475726883e-220,3.65481174815109e-05,0.0452444113014287,0.145352457951718,15.241150743551,2.49450701747647e-227
"3070",5.5e-06,5e-05,7e-04,0.000288552188552189,1.53452564571139,9.74833338134265,20.0801275424789,1.64076355931475,56.2651848239798,6.72571180561987,1.03784475726883e-220,3.65481174815109e-05,0.0188680586163012,0.0401028938509569,17.4034724667163,2.870121867241e-228
"4051",6e-06,4e-05,7e-05,5.1010101010101e-05,1.43355191397012,8.2535356035272,13.9015462562518,1.05293052653563,3.03129818137453,1.78544383902185,3.41004785053002e-97,0.0851530936225904,3.78062154071916e-07,0.00039400646002664,25.090655019964,4.32541169989651e-108
"4052",6e-06,4e-05,8e-05,5.46801346801347e-05,1.43355191397012,8.2535356035272,13.9015462562518,1.05293052653563,3.53231382213114,1.85327305160076,3.41004785053002e-97,0.0851530936225904,5.0017535974519e-07,0.000535927023296708,24.503124178338,7.78374954077757e-108
"4053",6e-06,4e-05,9e-05,5.83501683501684e-05,1.43355191397012,8.2535356035272,13.9015462562518,1.05293052653563,4.04797601820164,1.92147245859899,3.41004785053002e-97,0.0851530936225904,6.6481419190239e-07,0.000725204742111253,23.9161193271597,1.39997996582143e-107
"4054",6e-06,4e-05,1e-04,6.2020202020202e-05,1.43355191397012,8.2535356035272,13.9015462562518,1.05293052653563,4.57803726214089,1.98996605801541,3.41004785053002e-97,0.0851530936225904,8.87373263351819e-07,0.000975839288810501,23.3305173169526,2.51446469658854e-107
"4055",6e-06,4e-05,2e-04,9.87205387205387e-05,1.43355191397012,8.2535356035272,13.9015462562518,1.05293052653563,10.6149992204579,2.67761081605308,3.41004785053002e-97,0.0851530936225904,1.82105007630388e-05,0.0130866508659403,17.7129792925414,6.92008307781021e-105
"4056",6e-06,4e-05,3e-04,0.000135420875420875,1.43355191397012,8.2535356035272,13.9015462562518,1.05293052653563,17.7990613514466,3.34327780581188,3.41004785053002e-97,0.0851530936225904,0.000349807285179815,0.0830251313015597,12.9100446402345,8.43333446571851e-103
"4057",6e-06,4e-05,4e-04,0.000172121212121212,1.43355191397012,8.2535356035272,13.9015462562518,1.05293052653563,25.8583082229749,3.97200365628241,3.41004785053002e-97,0.0851530936225904,0.00420791287206183,0.260587179024679,9.27891086356898,3.18405592438026e-101
"4058",6e-06,4e-05,5e-04,0.000208821548821549,1.43355191397012,8.2535356035272,13.9015462562518,1.05293052653563,34.563199900312,4.56502201307376,3.41004785053002e-97,0.0851530936225904,0.023101994659185,0.448773483198821,7.03237786768837,3.01049264530289e-100
"4059",6e-06,4e-05,6e-04,0.000245521885521885,1.43355191397012,8.2535356035272,13.9015462562518,1.05293052653563,43.7412958953068,5.12861468425748,3.41004785053002e-97,0.0851530936225904,0.046021115293764,0.464774265383843,6.30816294282836,6.21097979060085e-100
"4060",6e-06,4e-05,7e-04,0.000282222222222222,1.43355191397012,8.2535356035272,13.9015462562518,1.05293052653563,53.2697968428929,5.66937794537538,3.41004785053002e-97,0.0851530936225904,0.0283070803279995,0.309195802014436,7.2017283977313,2.54149681539189e-100
"5041",6.5e-06,3e-05,7e-05,4.46801346801347e-05,1.2921862329647,4.67440856554209,6.13792238474994,0.361770522525422,1.46997060759976,0.641071700666119,3.06878247432418e-13,1.47052069349377,1.54639119304227e-07,7.87715316172795e-07,29.3506842321212,5.49700210365857e-26
"5042",6.5e-06,3e-05,8e-05,4.83501683501684e-05,1.2921862329647,4.67440856554209,6.13792238474994,0.361770522525422,1.74155072610301,0.685598980730446,3.06878247432418e-13,1.47052069349377,1.81082539590369e-07,1.04017114980721e-06,28.9148216296851,8.49999413934071e-26
"5043",6.5e-06,3e-05,9e-05,5.2020202020202e-05,1.2921862329647,4.67440856554209,6.13792238474994,0.361770522525422,2.0268530237491,0.731549918876113,3.06878247432418e-13,1.47052069349377,2.13517110539349e-07,1.38155006768406e-06,28.4662367648167,1.33117930638559e-25
"5044",6.5e-06,3e-05,1e-04,5.56902356902357e-05,1.2921862329647,4.67440856554209,6.13792238474994,0.361770522525422,2.32594966920761,0.778858532587481,3.06878247432418e-13,1.47052069349377,2.53475996142306e-07,1.84439870919489e-06,28.0057373933045,2.10973978954628e-25
"5045",6.5e-06,3e-05,2e-04,9.23905723905724e-05,1.2921862329647,4.67440856554209,6.13792238474994,0.361770522525422,6.08852298308559,1.31044539880657,3.06878247432418e-13,1.47052069349377,1.97900115445449e-06,3.77726726046402e-05,22.9312264204167,3.37334692486407e-23
"5046",6.5e-06,3e-05,3e-04,0.000129090909090909,1.2921862329647,4.67440856554209,6.13792238474994,0.361770522525422,11.2307010229322,1.89803264472121,3.06878247432418e-13,1.47052069349377,2.41080580144922e-05,0.000654110568905692,17.5795820197639,7.11624087465735e-21
"5047",6.5e-06,3e-05,4e-04,0.000165791245791246,1.2921862329647,4.67440856554209,6.13792238474994,0.361770522525422,17.5956881981839,2.48828663496008,3.06878247432418e-13,1.47052069349377,0.000324825502328584,0.00686571499495043,12.6278209788325,1.00640581091287e-18
"5048",6.5e-06,3e-05,5e-04,0.000202491582491582,1.2921862329647,4.67440856554209,6.13792238474994,0.361770522525422,24.9412727117002,3.05708495196484,3.06878247432418e-13,1.47052069349377,0.00331377836290807,0.0406521346922539,8.52675362031973,6.07916679581771e-17
"5049",6.5e-06,3e-05,6e-04,0.000239191919191919,1.2921862329647,4.67440856554209,6.13792238474994,0.361770522525422,33.0261309448451,3.59957808299674,3.06878247432418e-13,1.47052069349377,0.0184208587536841,0.142014516371036,5.56048107582826,1.18053769088039e-15
"5050",6.5e-06,3e-05,7e-04,0.000275892255892256,1.2921862329647,4.67440856554209,6.13792238474994,0.361770522525422,41.6539320184071,4.11886093010031,3.06878247432418e-13,1.47052069349377,0.0434724587896168,0.312923176295884,3.91180868305214,6.13888050712284e-15
"5051",6.5e-06,4e-05,7e-05,5.1010101010101e-05,1.4920881388906,9.08294857521655,15.1075055480704,1.18112520118123,3.41268195860111,2.01970327804805,2.35301939057016e-117,0.0238389335049925,4.67983063959969e-07,0.00110767420413643,25.116761676601,2.9077328751303e-128
"5052",6.5e-06,4e-05,8e-05,5.46801346801347e-05,1.4920881388906,9.08294857521655,15.1075055480704,1.18112520118123,3.97138908589513,2.09177925522663,2.35301939057016e-117,0.0238389335049925,6.37447955079197e-07,0.001497774197545,24.5060035168526,5.35554169999681e-128
"5053",6.5e-06,4e-05,9e-05,5.83501683501684e-05,1.4920881388906,9.08294857521655,15.1075055480704,1.18112520118123,4.54533682593073,2.16394669180818,2.35301939057016e-117,0.0238389335049925,8.71801122519963e-07,0.00201051365919143,23.898504720591,9.83188477531143e-128
"5054",6.5e-06,4e-05,1e-04,6.2020202020202e-05,1.4920881388906,9.08294857521655,15.1075055480704,1.18112520118123,5.13417602669737,2.23613117477659,2.35301939057016e-117,0.0238389335049925,1.19650259234862e-06,0.00267827222856463,23.295126319501,1.79754880336986e-127
"5055",6.5e-06,4e-05,2e-04,9.87205387205387e-05,1.4920881388906,9.08294857521655,15.1075055480704,1.18112520118123,11.7655072219288,2.94691342386581,2.35301939057016e-117,0.0238389335049925,3.06332466469772e-05,0.0299011482346087,17.6397182172217,5.13798961375183e-125
"5056",6.5e-06,4e-05,3e-04,0.000135420875420875,1.4920881388906,9.08294857521655,15.1075055480704,1.18112520118123,19.5079830751645,3.61788183617953,2.35301939057016e-117,0.0238389335049925,0.000637758823060694,0.147017365030223,13.0111901094055,5.2594149748693e-123
"5057",6.5e-06,4e-05,4e-04,0.000172121212121212,1.4920881388906,9.08294857521655,15.1075055480704,1.18112520118123,28.0560246319005,4.24367654439996,2.35301939057016e-117,0.0238389335049925,0.00712283815641605,0.356543973859351,9.71218188672596,1.42455265162117e-121
"5058",6.5e-06,4e-05,5e-04,0.000208821548821549,1.4920881388906,9.08294857521655,15.1075055480704,1.18112520118123,37.1772771248792,4.83127256894066,2.35301939057016e-117,0.0238389335049925,0.0315593603360109,0.48374384214933,7.91851998883782,8.56359204566528e-121
"5059",6.5e-06,4e-05,6e-04,0.000245521885521885,1.4920881388906,9.08294857521655,15.1075055480704,1.18112520118123,46.7093549742347,5.3895226139194,2.35301939057016e-117,0.0238389335049925,0.0451039438486243,0.402963616529594,7.74412976553218,1.01951279777732e-120
"5060",6.5e-06,4e-05,7e-04,0.000282222222222222,1.4920881388906,9.08294857521655,15.1075055480704,1.18112520118123,56.5419539865765,5.92593396461865,2.35301939057016e-117,0.0238389335049925,0.018063355720988,0.219090621427168,9.26857495027443,2.21990582141731e-121
"6041",7e-06,3e-05,7e-05,4.46801346801347e-05,1.34096502705755,6.14586156571635,7.95654875873537,0.520476080745245,2.12212128253162,0.950901291122763,8.65816812338451e-26,1.39177185523878,2.2553844988103e-07,5.12976905865508e-06,27.1546474493084,1.39415952230149e-37
"6042",7e-06,3e-05,8e-05,4.83501683501684e-05,1.34096502705755,6.14586156571635,7.95654875873537,0.520476080745245,2.50093604165303,1.00772979695082,8.65816812338451e-26,1.39177185523878,2.80080332243809e-07,7.12304062305293e-06,26.6097875925759,2.40404226458403e-37
"6043",7e-06,3e-05,9e-05,5.2020202020202e-05,1.34096502705755,6.14586156571635,7.95654875873537,0.520476080745245,2.89643056788257,1.0656489139936,8.65816812338451e-26,1.39177185523878,3.50420778653648e-07,9.90459496407339e-06,26.0560652991678,4.18235251505869e-37
"6044",7e-06,3e-05,1e-04,5.56902356902357e-05,1.34096502705755,6.14586156571635,7.95654875873537,0.520476080745245,3.30850764614277,1.12454925083998,8.65816812338451e-26,1.39177185523878,4.41573359001672e-07,1.37792593506254e-05,25.4946900627336,7.33200584598942e-37
"6045",7e-06,3e-05,2e-04,9.23905723905724e-05,1.34096502705755,6.14586156571635,7.95654875873537,0.520476080745245,8.30938302198005,1.74564604857614,8.65816812338451e-26,1.39177185523878,6.08624613905016e-06,0.000327898835139335,19.7017068390487,2.4048248464947e-34
"6046",7e-06,3e-05,3e-04,0.000129090909090909,1.34096502705755,6.14586156571635,7.95654875873537,0.520476080745245,14.7396207783042,2.37406466635312,8.65816812338451e-26,1.39177185523878,0.000108185517285476,0.00453468841162928,14.1970843057097,5.91167624238442e-32
"6047",7e-06,3e-05,4e-04,0.000165791245791246,1.34096502705755,6.14586156571635,7.95654875873537,0.520476080745245,22.2824116820591,2.9737502503281,8.65816812338451e-26,1.39177185523878,0.00155487716823656,0.0322774634391922,9.56916709519626,6.04769038059143e-30
"6048",7e-06,3e-05,5e-04,0.000202491582491582,1.34096502705755,6.14586156571635,7.95654875873537,0.520476080745245,30.631074576994,3.53909704105924,8.65816812338451e-26,1.39177185523878,0.0121480933979912,0.126217870404718,6.14975112716313,1.84766416152242e-28
"6049",7e-06,3e-05,6e-04,0.000239191919191919,1.34096502705755,6.14586156571635,7.95654875873537,0.520476080745245,39.5491025166482,4.07552245045162,8.65816812338451e-26,1.39177185523878,0.0386752646110995,0.297454631248258,4.13447095488103,1.38627085702586e-27
"6050",7e-06,3e-05,7e-04,0.000275892255892256,1.34096502705755,6.14586156571635,7.95654875873537,0.520476080745245,48.872162016161,4.59012659921691,8.65816812338451e-26,1.39177185523878,0.0412437599472574,0.45398579777805,3.64736716412664,2.25628825023701e-27
"6051",7e-06,4e-05,7e-05,5.1010101010101e-05,1.54841303869111,9.78941454129522,16.1002467079135,1.29189998675626,3.74216096008632,2.22190679330276,2.17916105983288e-135,0.00657650440568871,5.61823418734682e-07,0.00253265698852847,25.3948164923213,2.03920392409228e-146
"6052",7e-06,4e-05,8e-05,5.46801346801347e-05,1.54841303869111,9.78941454129522,16.1002467079135,1.29189998675626,4.34991085787606,2.29688641355106,2.17916105983288e-135,0.00657650440568871,7.84036060532456e-07,0.00338915086902485,24.7702386122975,3.80812666190576e-146
"6053",7e-06,4e-05,9e-05,5.83501683501684e-05,1.54841303869111,9.78941454129522,16.1002467079135,1.29189998675626,4.97319429299568,2.37170105832676,2.17916105983288e-135,0.00657650440568871,1.0978055463886e-06,0.00449501779863428,24.1512349001239,7.07198419600199e-146
"6054",7e-06,4e-05,1e-04,6.2020202020202e-05,1.54841303869111,9.78941454129522,16.1002467079135,1.29189998675626,5.61156898734313,2.4462835509887,2.17916105983288e-135,0.00657650440568871,1.54133363961701e-06,0.00590767214464257,23.5386178460027,1.30496086488576e-145
"6055",7e-06,4e-05,2e-04,9.87205387205387e-05,1.54841303869111,9.78941454129522,16.1002467079135,1.29189998675626,12.7319091913569,3.16962022554316,2.17916105983288e-135,0.00657650440568871,4.67660933022435e-05,0.054613464593022,17.902078862215,3.66028806108736e-143
"6056",7e-06,4e-05,3e-04,0.000135420875420875,1.54841303869111,9.78941454129522,16.1002467079135,1.29189998675626,20.9164652240131,3.84013918866561,2.17916105983288e-135,0.00657650440568871,0.0010157229260493,0.215174526410716,13.4527124271397,3.13220772266271e-141
"6057",7e-06,4e-05,4e-04,0.000172121212121212,1.54841303869111,9.78941454129522,16.1002467079135,1.29189998675626,29.8413373248671,4.4607657994277,2.17916105983288e-135,0.00657650440568871,0.0104118608352009,0.423519157760841,10.4482181070593,6.31954571921949e-140
"6058",7e-06,4e-05,5e-04,0.000208821548821549,1.54841303869111,9.78941454129522,16.1002467079135,1.29189998675626,39.278955909887,5.04250978782983,2.17916105983288e-135,0.00657650440568871,0.0379347798121031,0.476550354117149,9.03732072121134,2.59078163189471e-139
"6059",7e-06,4e-05,6e-04,0.000245521885521885,1.54841303869111,9.78941454129522,16.1002467079135,1.29189998675626,49.0784203848481,5.59571075407445,2.17916105983288e-135,0.00657650440568871,0.0407588796785135,0.335264289253867,9.31716961200145,1.95836653991114e-139
"6060",7e-06,4e-05,7e-04,0.000282222222222222,1.54841303869111,9.78941454129522,16.1002467079135,1.29189998675626,59.1405214737751,6.12824825094009,2.17916105983288e-135,0.00657650440568871,0.0114078689445862,0.155904590490854,11.3562148817985,2.5488710890421e-140
"7041",7.5e-06,3e-05,7e-05,4.46801346801347e-05,1.38803067218251,7.14147240803206,9.13731122639555,0.630872551383404,2.57536695857762,1.16616902248205,2.87280474628617e-36,1.08508780092906,2.92190107088749e-07,1.73461975437931e-05,25.9263375259448,1.57994069743341e-47
"7042",7.5e-06,3e-05,8e-05,4.83501683501684e-05,1.38803067218251,7.14147240803206,9.13731122639555,0.630872551383404,3.02684042464987,1.22994261115316,2.87280474628617e-36,1.08508780092906,3.77116073614465e-07,2.4560871946849e-05,25.3234078556746,2.88728606579367e-47
"7043",7.5e-06,3e-05,9e-05,5.2020202020202e-05,1.38803067218251,7.14147240803206,9.13731122639555,0.630872551383404,3.4965026000544,1.29445463414575,2.87280474628617e-36,1.08508780092906,4.90323098145307e-07,3.47037861224463e-05,24.7152021397428,5.30432592162836e-47
"7044",7.5e-06,3e-05,1e-04,5.56902356902357e-05,1.38803067218251,7.14147240803206,9.13731122639555,0.630872551383404,3.98409068230139,1.35957935841665,2.87280474628617e-36,1.08508780092906,6.41910837508933e-07,4.88907915070292e-05,24.1030770110089,9.78301606883592e-47
"7045",7.5e-06,3e-05,2e-04,9.23905723905724e-05,1.38803067218251,7.14147240803206,9.13731122639555,0.630872551383404,9.77679621462585,2.02219117863685,2.87280474628617e-36,1.08508780092906,1.23277432529062e-05,0.0011194136504659,18.0169476374003,4.30175002570617e-44
"7046",7.5e-06,3e-05,3e-04,0.000129090909090909,1.38803067218251,7.14147240803206,9.13731122639555,0.630872551383404,16.968076293386,2.66275870628749,2.87280474628617e-36,1.08508780092906,0.000257525024393312,0.0124647412420399,12.5675840752222,1.00063040444421e-41
"7047",7.5e-06,3e-05,4e-04,0.000165791245791246,1.38803067218251,7.14147240803206,9.13731122639555,0.630872551383404,25.1656237854834,3.26108244753868,2.87280474628617e-36,1.08508780092906,0.0035168916975362,0.0684731492496015,8.24983040603761,7.50672122088901e-40
"7048",7.5e-06,3e-05,5e-04,0.000202491582491582,1.38803067218251,7.14147240803206,9.13731122639555,0.630872551383404,34.0541729620268,3.82158924719766,2.87280474628617e-36,1.08508780092906,0.0215087182696105,0.20902433885759,5.32294059882953,1.40146539964941e-38
"7049",7.5e-06,3e-05,6e-04,0.000239191919191919,1.38803067218251,7.14147240803206,9.13731122639555,0.630872551383404,43.4171618079079,4.35369395325886,2.87280474628617e-36,1.08508780092906,0.0457918337023488,0.392445856181561,3.93734529827782,5.60194413123638e-38
"7050",7.5e-06,3e-05,7e-04,0.000275892255892256,1.38803067218251,7.14147240803206,9.13731122639555,0.630872551383404,53.1139328735347,4.86557538262736,2.87280474628617e-36,1.08508780092906,0.0288153613034282,0.484736981482188,4.1893345905793,4.35412822140241e-38
"8041",8e-06,3e-05,7e-05,4.46801346801347e-05,1.43355191397012,7.94135049290509,10.0518052646163,0.721275996140248,2.94629118325747,1.34199264362809,1.2051282657971e-45,0.778113644040899,3.60406422419788e-07,4.45962974427885e-05,25.1047759039177,1.50718869619233e-56
"8042",8e-06,3e-05,8e-05,4.83501683501684e-05,1.43355191397012,7.94135049290509,10.0518052646163,0.721275996140248,3.45604634448766,1.41047462271987,1.2051282657971e-45,0.778113644040899,4.79416196732336e-07,6.3629663742084e-05,24.4640102088469,2.86054400994303e-56
"8043",8e-06,3e-05,9e-05,5.2020202020202e-05,1.43355191397012,7.94135049290509,10.0518052646163,0.721275996140248,3.98487070090408,1.47935552639393,1.2051282657971e-45,0.778113644040899,6.42185878467747e-07,9.03407955546043e-05,23.8211921598269,5.44027640342561e-56
"8044",8e-06,3e-05,1e-04,5.56902356902357e-05,1.43355191397012,7.94135049290509,10.0518052646163,0.721275996140248,4.53234495543259,1.54850725355295,1.2051282657971e-45,0.778113644040899,8.6568697457675e-07,0.00012753934295847,23.1777108171349,1.03533611079453e-55
"8045",8e-06,3e-05,2e-04,9.23905723905724e-05,1.43355191397012,7.94135049290509,10.0518052646163,0.721275996140248,10.9321939596104,2.23440932539792,1.2051282657971e-45,0.778113644040899,2.1055631787014e-05,0.00266025183902644,16.9485596680767,5.25251537966476e-53
"8046",8e-06,3e-05,3e-04,0.000129090909090909,1.43355191397012,7.94135049290509,10.0518052646163,0.721275996140248,18.6758294096942,2.87805532641015,1.2051282657971e-45,0.778113644040899,0.000478391210113942,0.0244545312721673,11.6069041745709,1.09703084262029e-50
"8047",8e-06,3e-05,4e-04,0.000165791245791246,1.43355191397012,7.94135049290509,10.0518052646163,0.721275996140248,27.3319858190468,3.47243833903488,1.2051282657971e-45,0.778113644040899,0.0060321026549223,0.110143510977091,7.5675134417251,6.23022804319609e-49
"8048",8e-06,3e-05,5e-04,0.000202491582491582,1.43355191397012,7.94135049290509,10.0518052646163,0.721275996140248,36.5932051260502,4.02823842101019,1.2051282657971e-45,0.778113644040899,0.0296707591998915,0.280559181439425,5.0394465410634,7.80601619811467e-48
"8049",8e-06,3e-05,6e-04,0.000239191919191919,1.43355191397012,7.94135049290509,10.0518052646163,0.721275996140248,46.2630712164806,4.55680830314727,1.2051282657971e-45,0.778113644040899,0.0455851778120002,0.44699076570912,4.14427269967383,1.91072641594189e-47
"8050",8e-06,3e-05,7e-04,0.000275892255892256,1.43355191397012,7.94135049290509,10.0518052646163,0.721275996140248,56.2189337267897,5.06661898557538,1.2051282657971e-45,0.778113644040899,0.0190040727348663,0.473746148430813,4.9610683143388,8.44245354348539e-48
"9041",8.5e-06,3e-05,7e-05,4.46801346801347e-05,1.47767149027629,8.62057738648561,10.804551330436,0.799238513647696,3.26537853303865,1.49279952798834,3.43745688431964e-54,0.532203630758745,4.3106220412264e-07,9.66583906361505e-05,24.5320700718638,7.62245023561221e-65
"9042",8.5e-06,3e-05,8e-05,4.83501683501684e-05,1.47767149027629,8.62057738648561,10.804551330436,0.799238513647696,3.82434445505706,1.56461097818431,3.43745688431964e-54,0.532203630758745,5.87893090875405e-07,0.000138063581158482,23.8652460679894,1.48488418916873e-64
"9043",8.5e-06,3e-05,9e-05,5.2020202020202e-05,1.47767149027629,8.62057738648561,10.804551330436,0.799238513647696,4.40286709282065,1.63650676092575,3.43745688431964e-54,0.532203630758745,8.06947329675897e-07,0.000195787785147632,23.1992157500656,2.89031964566786e-64
"9044",8.5e-06,3e-05,1e-04,5.56902356902357e-05,1.47767149027629,8.62057738648561,10.804551330436,0.799238513647696,5.00038353914633,1.70836549885872,3.43745688431964e-54,0.532203630758745,1.11391181006325e-06,0.000275486010822506,22.535335391073,5.61391007060659e-64
"9045",8.5e-06,3e-05,2e-04,9.23905723905724e-05,1.47767149027629,8.62057738648561,10.804551330436,0.799238513647696,11.8931738888027,2.40744160682291,3.43745688431964e-54,0.532203630758745,3.24174785360362e-05,0.00512922374484447,16.2403428659695,3.04190725485649e-61
"9046",8.5e-06,3e-05,3e-04,0.000129090909090909,1.47767149027629,8.62057738648561,10.804551330436,0.799238513647696,20.0662669697006,3.04996587138278,3.43745688431964e-54,0.532203630758745,0.000769414455276719,0.0398748415267835,11.0226195705232,5.61273326904317e-59
"9047",8.5e-06,3e-05,4e-04,0.000165791245791246,1.47767149027629,8.62057738648561,10.804551330436,0.799238513647696,29.0704410878958,3.63959326346679,3.43745688431964e-54,0.532203630758745,0.00888432893926667,0.153082332154107,7.23097482956498,2.48808258981142e-57
"9048",8.5e-06,3e-05,5e-04,0.000202491582491582,1.47767149027629,8.62057738648561,10.804551330436,0.799238513647696,38.6122149822203,4.19103625341441,3.43745688431964e-54,0.532203630758745,0.0360153540474907,0.338399392161405,5.03806747588976,2.22962772097503e-56
"9049",8.5e-06,3e-05,6e-04,0.000239191919191919,1.47767149027629,8.62057738648561,10.804551330436,0.799238513647696,48.5133097056018,4.71659158232018,3.43745688431964e-54,0.532203630758745,0.0420436423434826,0.474412167581383,4.54545497833764,3.64897799793475e-56
"9050",8.5e-06,3e-05,7e-04,0.000275892255892256,1.47767149027629,8.62057738648561,10.804551330436,0.799238513647696,58.6652139685878,5.22469681184492,3.43745688431964e-54,0.532203630758745,0.01249300323654,0.446169444839991,5.82037210870421,1.01972195546486e-56
