Tank,Treat1,Treat2,Treat3,At,Ch,Fe,AC,AF,CF,ACF,A2,C2,F2,Block,Logger,Temp0,Temp1,Temp2,Temp4,Light0,Light1,Light2,Light4,Ph.F0.0,Ph.F0.1,Ph.QY.1,Ph.QY.1,Ph.F0.2,Ph.QY.2,Ph.F0.4,Ph.QY.4,Ph.F0.8,Ph.QY.8,Pe.F0.0,Pe.QY.0,Pe.F0.1,Pe.QY.1,Pe.F0.2,Pe.QY.2,Pe.F0.4,Pe.QY.4,Pe.F0.8,Pe.QY.8,TBgegg1,TBghatch1,TBgadult1,TBtegg1,TBthatch1,TBtadult1,TPhyegg1,TPhyhatch1,TPhyadult1,TBgegg2,TBghatch2,TBgadult2,TBtegg2,TBthatch2,TBtadult2,TPhyegg2,TPhyhatch2,TPhyadult2,TBgegg3,TBghatch3,TBgadult3,TBtegg3,TBthatch3,TBtadult3,TPhyegg3,TPhyhatch3,TPhyadult3,TBgegg4,TBghatch4,TBgadult4,TBtegg4,TBthatch4,TBtadult4,TPhyegg4,TPhyhatch4,TPhyadult4,TBgegg8,TBghatch8,TBgadult8,TBtegg8,TBthatch8,TBtadult8,TPhyegg8,TPhyhatch8,TPhyadult8,TBgE,TBgE,TBgH,TBgRepro,TBtE,TBtH,TBtRepro,TPhyE,TPhyH,TPhyRepro,TSnE,TSnH,TSnRepro,BgLive,BgInf,T.Bg,BtLive,BtInf,T.Bt,PhyLive,T.Phy,T.Snails,Snails.Live,P.all.24,P.all.24.surv,B.flu.24,B.flu.24.surv,P.all.end.surv,P.all.end,B.flu.end.surv,B.flu.end,Pred,PredSurv,Phyto,PerF0,PerQY,Snails,Algae
2,A + C + F,A + C + F,A + C + F,1,1,1,1,1,1,1,1,1,1,1,2,31.27458333,29.60829032,30.5,30.19980645,764,676,674.6,820.6451613,50,48,0,-4.003022834,166,0.2389,203,0.3028,252,0.422,8794,0.4918,10534,0.2913,11745,0.0246,9085,0.464,2224,0.483,4,0,0,0,0,0,3,0,0,8,0,0,7,0,0,2,4,0,5,0,0,5,15,0,5,9,2,7,0,0,4,7,0,3,5,0,0,0,0,1,5,0,0,8,3,24,3.218875825,0,24,17,27,44,13,26,39,54,53,107,16,0,35,368,0,377,283,706,1118,667,3,0,1,6,0,3,0,7,1.020520424,-1.020520424,0.316013903,0.602188182,0.049274805,0.182358914,0.222024598
3,A 2x,A 2x,Atrazine,1,0,0,0,0,0,0,2,0,0,1,3,32.20325,30.16122581,31.2,30.20680645,1826,1337,1323.4,536.2580645,86,42,0,-4.003022834,105,0,70,0,116,0.2313,11446,0.4482,8184,0.2913,6030,0.3248,9177,0.5194,1239,0.4076,0,0,0,1,0,0,2,0,0,0,0,0,1,0,0,1,0,0,0,0,0,1,0,0,0,0,0,0,0,0,0,0,0,0,0,0,0,0,0,0,0,0,0,0,0,0,0,0,0,3,0,3,3,0,3,6,0,6,0,0,0,1,0,1,4,9,10,5,0,3,0,7,3,0,1,6,0.023594388,-0.023594388,-0.009300894,-0.160140872,0.1433576,0.007375106,0.152271939
4,A 1x,A 1x,Atrazine,1,0,0,0,0,0,0,1,0,0,1,4,32.14002778,29.80764516,30.7,31.00606452,2427,1464,1173.7,1346.064516,66,35,0,-4.003022834,61,0,56,0,216,0.3811,6617,0.4485,9643,0.3732,7942,0.0961,5350,0.4852,906,0.4816,2,0,0,5,0,0,6,0,0,0,0,0,10,0,0,1,0,0,0,0,0,7,0,0,3,0,0,6,0,0,0,0,0,5,0,0,0,0,0,0,0,0,0,0,0,8,2.197224577,0,8,22,0,22,15,0,15,45,0,45,7,0,8,0,0,0,0,11,19,7,0,3,0,7,1,2,0,7,0.000785909,-0.000785909,-0.102776739,-0.160250838,0.131742066,0.007393714,0.152304889
5,F 2x,F 2x,Fertilizer,0,0,1,0,0,0,0,0,0,2,1,5,31.19719444,29.18164516,30.5,31.09096774,1115,387,344.3,1306.83871,33,75,0,-4.003022834,135,0.1678,1141,0.4127,128,0.385,7386,0.3295,7827,0.401,10924,0.0661,8701,0.3763,6285,0.3832,2,0,0,0,0,0,6,0,0,0,0,0,1,0,0,1,0,0,0,0,0,0,0,0,2,2,0,1,0,0,0,0,0,3,0,0,0,0,0,0,0,0,2,0,0,3,1.386294361,0,3,1,0,1,14,2,16,18,2,20,3,0,20,0,0,2,2,65,87,5,0,3,0,7,0,3,0,7,-0.008374028,0.008374028,0.32290511,0.348583495,-0.051088186,0.003363472,0.093196273
6,C + A,C + A,C + A,1,1,0,1,1,0,0,1,1,0,1,6,31.91497222,30.33748387,30.8,31.04822581,1465,1399,453.9,1647.483871,39,108,0.4841,-0.06133816,59,0,53,0,249,0.3599,11351,0.3353,7405,0.3732,8692,0.1498,2261,0.5133,2721,0.3577,0,0,0,3,0,0,4,0,0,7,0,0,8,1,0,3,0,1,6,0,0,5,4,0,4,5,0,6,0,0,4,11,0,4,6,0,2,0,0,0,9,0,0,1,10,21,3.091042453,0,21,20,25,45,15,12,27,56,37,93,0,0,20,157,0,209,36,176,405,193,3,0,1,6,0,3,0,7,1.020520424,-1.020520424,-0.073020743,0.253405901,0.131644438,0.175158861,0.121985969
7,F 1x,F 1x,Fertilizer,0,0,1,0,0,0,0,0,0,1,1,7,31.48636111,30.08106452,31,30.33503226,1540,1293,1036.3,792.7741935,54,108,0.4266,-0.284983015,103,0.2624,49,0,107,0.341,9234,0.5298,13001,0.3571,11256,0.0274,11766,0.336,1645,0.2919,2,0,1,1,0,1,6,0,0,0,0,0,10,1,0,5,0,0,0,0,0,0,0,0,0,2,0,0,0,0,0,0,0,0,0,0,0,0,0,1,0,0,0,0,0,2,1.098612289,0,2,12,1,13,11,2,13,25,3,28,0,0,7,0,0,0,0,0,7,0,0,3,0,7,2,1,0,7,0.013696115,-0.013696115,0.245225293,0.42431971,-0.079501341,-0.00118597,0.085140517
8,C 1x,C 1x,Chlorpyrifos,0,1,0,0,0,0,0,0,1,0,1,8,31.98286111,29.62064516,31.2,31.28777419,1979,473,1635.2,1938.580645,49,39,0,-4.003022834,54,0,53,0,116,0,3754,0.5588,2681,0.4292,4050,0.3068,2766,0.471,1153,0.5611,4,0,0,6,0,0,4,0,0,4,0,0,6,1,0,3,1,0,10,0,0,9,0,0,9,2,0,6,1,0,5,6,0,9,4,0,0,2,0,0,0,0,0,4,0,24,3.218875825,3,27,26,7,33,25,11,36,75,21,96,0,0,63,4,0,22,87,369,454,91,3,0,1,6,0,3,0,7,1.020520424,-1.020520424,-0.120748287,-0.170189423,0.075393462,0.12636933,-0.082053718
9,W,Control,Control,0,0,0,0,0,0,0,0,0,0,1,9,31.2255,29.2526129,30.3,29.79509677,1115,520,521.6,510.4516129,22,54,0,-4.003022834,100,0,54,0,24,0,8047,0.4432,9362,0.3112,12253,0.1192,14616,0.3774,9698,0.4729,0,0,0,2,0,0,1,0,0,0,0,0,3,0,0,1,0,0,0,0,0,1,0,0,1,0,0,0,0,0,1,0,0,0,0,0,0,0,0,0,0,0,0,0,0,0,0,0,0,7,0,7,3,0,3,10,0,10,6,1,19,0,0,2,1,21,42,7,0,3,0,7,0,3,0,7,-0.008374028,0.008374028,-0.002037059,0.125399801,0.00449944,0.006474395,0.011415422
10,S,Control,Control,0,0,0,0,0,0,0,0,0,0,1,10,31.81822222,29.91529032,31.1,30.69287097,1234,753,1036.8,846.4516129,65,81,0,-4.003022834,92,0,73,0,165,0.2487,7507,0.4779,6112,0.3817,8584,0.0311,6269,0.2412,2131,0.416,0,0,0,0,0,0,1,0,0,2,0,0,1,0,0,2,0,0,0,0,0,1,0,0,1,0,0,0,0,0,0,0,0,0,0,0,1,0,0,0,0,0,0,0,0,3,1.386294361,0,3,2,0,2,4,0,4,9,0,9,0,0,15,0,0,3,0,24,42,0,0,3,1,6,2,1,0,7,-0.046147891,0.046147891,0.008996631,0.023355921,-0.027339077,0.00857562,0.01513609
11,C 2x,C 2x,Chlorpyrifos,0,1,0,0,0,0,0,0,2,0,1,11,31.52869444,29.62741935,31.1,30.94903226,1008,530,518.9,890.8387097,48,109,0,-4.003022834,45,0,68,0,59,0,11098,0.3717,5542,0.3612,8223,0.0459,4417,0.3723,5796,0.5149,0,0,0,0,0,0,1,0,1,0,0,0,0,0,0,3,0,0,2,0,0,1,1,1,3,4,2,3,4,0,7,12,0,1,8,0,0,0,0,0,0,0,0,13,2,5,1.791759469,4,9,8,13,21,8,25,33,21,42,63,76,1,92,206,0,223,516,644,959,798,2,1,1,6,0,3,0,7,1.045232148,-1.045232148,-0.116561632,-0.017360692,0.004653005,0.195490781,0.040340538
12,F + C,F + C,F + C,0,1,1,0,0,1,0,0,1,1,1,12,31.268,29.47251613,31,30.78819355,1297,489,516.8,1948.387097,25,62,0,-4.003022834,118,0.042,366,0.3418,657,0.4098,7878,0.327,7594,0.3717,10866,0.2847,4517,0.3387,1780,0.3375,4,0,0,3,0,0,7,0,1,8,1,0,14,0,0,8,4,2,11,0,0,12,7,0,17,38,6,4,2,0,27,33,0,11,90,0,1,3,0,1,13,0,0,7,0,28,3.36729583,6,34,57,53,110,43,139,182,128,198,326,311,0,358,66,0,94,78,886,1338,455,2,1,1,6,0,3,0,7,1.045232148,-1.045232148,0.227277385,0.324782481,-0.03350645,0.201732796,0.138682758
13,A + F,A + F,A + F,1,0,1,0,1,0,0,1,0,1,1,13,31.08125,29.68503226,31.5,30.31580645,1216,1158,1601.1,1188.129032,45,122,0,-4.003022834,133,0.1622,135,0.2756,370,0.5279,6275,0.5855,15124,0.264,17178,0.0963,22801,0.5954,4277,0.4374,0,0,0,1,0,0,5,0,0,0,0,0,2,0,0,2,0,0,0,0,0,1,0,0,0,0,0,0,1,0,0,0,0,0,0,0,0,0,0,6,0,0,7,14,0,0,0,1,1,10,0,10,14,14,28,24,15,39,0,0,6,0,0,0,196,208,214,196,0,3,0,7,3,0,0,7,0.035766259,-0.035766259,0.284328361,0.719786557,0.074076986,0.032207592,0.261918359
14,F + C,F + C,F + C,0,1,1,0,0,1,0,0,1,1,2,1,31.75183871,30.013625,30.8,31.54018182,1468,1323,390.3,2148.848485,24,107,0.2368,-1.11876801,149,0.3625,147,0.284,118,0,9359,0.3851,9997,0.2842,7360,0.1632,6866,0.3341,9015,0.4447,8,0,0,4,0,0,5,0,0,7,0,0,5,1,0,7,1,0,3,0,0,5,1,0,2,5,0,2,4,0,4,2,0,10,100,0,0,1,0,1,5,0,2,28,10,20,3.044522438,5,25,19,9,28,26,134,160,65,148,213,215,4,225,156,3,157,774,1455,1837,1145,1,2,2,5,0,3,0,7,1.045054869,-1.045054869,0.345131384,0.316805567,-0.051388118,0.174951455,0.091260688
15,F 1x,F 1x,Fertilizer,0,0,1,0,0,0,0,0,0,1,2,2,32.12890323,30.159275,30.5,30.69339394,1011,1626,393,593.4545455,60,81,0,-4.003022834,70,0,62,0,206,0.2746,9174,0.4014,6062,0.3668,10926,0.0774,11245,0.2949,5748,0.4215,0,0,0,0,0,0,2,0,0,0,0,0,0,0,1,1,0,0,0,0,0,0,0,0,0,0,0,0,0,0,0,0,0,0,0,0,0,0,0,0,0,0,0,0,0,0,0,0,0,0,0,0,3,0,3,3,0,3,0,0,0,0,0,0,0,0,0,0,0,3,0,7,1,2,0,7,0.000785909,-0.000785909,0.055419155,0.328188853,-0.063009239,0.010185623,0.105276346
16,A + F,A + F,A + F,1,0,1,0,1,0,0,1,0,1,2,3,32.01290323,29.97595,30.7,30.29630303,1842,1122,565,365.4242424,125,79,0,-4.003022834,98,0.073,92,0.2105,162,0.3563,6777,0.3621,17229,0.3314,11425,0.1127,22053,0.4866,4610,0.3232,1,0,0,0,0,0,1,0,0,1,0,0,0,0,0,1,1,0,1,0,0,0,0,0,0,0,0,0,0,0,0,0,0,1,2,0,3,0,0,0,0,0,0,0,0,6,1.945910149,0,6,0,0,0,3,3,6,9,3,12,19,0,20,0,0,0,9,14,34,28,0,3,0,7,3,0,1,6,0.023594388,-0.023594388,0.181449952,0.71652324,0.055859417,0.022198324,0.244194817
17,C 1x,C 1x,Chlorpyrifos,0,1,0,0,0,0,0,0,1,0,2,4,32.12548387,30.383775,31.2,31.52221212,1361,1818,1464,1762.424242,287,102,0.4156,-0.328411939,57,0,39,0,93,0.4118,6646,0.3883,9004,0.3066,10707,0.0978,10818,0.3452,7259,0.43,0,0,0,2,0,1,0,0,0,1,0,0,3,0,1,1,0,0,2,1,0,4,0,0,0,0,0,1,0,0,2,0,0,0,0,0,0,0,0,2,1,0,1,3,0,4,1.609437912,1,5,13,1,14,2,3,5,19,5,24,14,0,14,114,0,119,443,556,689,571,3,0,1,6,0,3,0,7,1.020520424,-1.020520424,-0.059156055,0.103569374,-0.007008963,0.136941865,-0.063332792
18,W,Control,Control,0,0,0,0,0,0,0,0,0,0,2,5,32.07916129,30.197225,31,31.60878788,1643,1541,516.5,1653.333333,72,56,0,-4.003022834,65,0.1811,100,0,306,0.3891,9410,0.3503,6799,0.3054,6183,0.0876,8538,0.326,1112,0.3886,0,0,0,1,0,0,2,0,0,0,0,0,1,0,0,2,0,0,0,0,0,0,0,0,1,0,0,0,0,0,0,0,0,0,1,0,0,0,0,0,0,0,0,0,0,0,0,0,0,2,0,2,5,1,6,7,1,8,0,0,5,0,0,0,0,1,6,0,0,3,0,7,3,0,0,7,0.035766259,-0.035766259,0.056424747,0.02456164,-0.005584556,-0.00960162,-0.017050587
20,F 2x,F 2x,Fertilizer,0,0,1,0,0,0,0,0,0,2,2,7,31.54116129,29.920625,30.6,30.79451515,804,1241,1036.9,536.4848485,34,74,0,-4.003022834,134,0.1647,62,0,98,0,10125,0.5531,15982,0.311,11864,0.0345,7616,0.2121,10004,0.3586,2,0,0,3,0,0,0,0,0,1,0,0,0,0,0,0,0,0,1,0,0,1,0,0,0,0,0,0,0,0,0,0,0,0,0,0,0,0,0,0,0,0,0,0,0,4,1.609437912,0,4,4,0,4,0,0,0,8,0,8,0,0,18,0,0,0,0,23,41,0,0,3,0,7,0,3,0,7,-0.008374028,0.008374028,0.248969148,0.416657068,-0.106837729,0.005732028,0.097390306
21,C 2x,C 2x,Chlorpyrifos,0,1,0,0,0,0,0,0,2,0,2,8,32.08567742,30.09155,31,31.34472727,1947,1211,957.9,928.4848485,28,94,0,-4.003022834,108,0.2856,48,0,224,0.584,7705,0.4114,8660,0.3532,2625,0.1281,3158,0.4832,7683,0.5118,0,0,1,0,0,1,2,0,0,8,0,1,0,0,0,2,1,0,6,1,0,0,5,0,2,4,0,5,1,0,1,6,0,2,4,0,1,0,0,1,10,0,0,2,0,20,3.044522438,2,22,2,21,23,8,11,19,30,34,64,117,3,235,504,4,517,381,546,1298,1002,2,1,0,7,0,3,0,7,1.105076155,-1.105076155,0.180321348,-0.083518679,0.038307302,0.171328211,-0.002444441
22,C + A,C + A,C + A,1,1,0,1,0,0,0,1,1,0,2,9,31.28445161,29.870475,30.8,31.18157576,1044,1135,1364.6,1868.606061,55,81,0,-4.003022834,52,0,38,0,90,0,11715,0.4885,5046,0.2507,8490,0.0929,2701,0.4544,9317,0.4374,4,0,0,2,0,1,4,0,0,4,0,0,7,1,0,8,0,0,4,0,0,7,4,0,14,3,0,2,1,0,6,20,0,12,9,0,0,7,0,0,4,0,0,6,0,14,2.708050201,8,22,22,29,51,38,18,56,74,55,129,290,7,324,379,1,393,573,834,1551,1242,2,1,1,6,0,3,0,7,1.045232148,-1.045232148,-0.121613572,-0.234141978,0.100210148,0.22116896,0.22507084
23,S,Control,Control,0,0,0,0,0,0,0,0,0,0,2,10,32.046,30.353525,31,31.17272727,1007,1445,486.2,1351.757576,52,76,0,-4.003022834,82,0,61,0,194,0.3934,10815,0.378,5812,0.3125,7357,0.1187,2029,0.3964,2294,0.3685,10,0,0,0,0,0,1,0,0,2,0,0,1,0,0,1,0,0,0,0,0,0,0,0,0,1,0,0,0,0,0,0,0,0,0,0,0,0,0,0,0,0,0,0,0,12,2.564949357,0,12,1,0,1,2,1,3,15,1,16,3,0,10,0,0,0,0,0,10,3,0,3,0,7,1,2,0,7,0.000785909,-0.000785909,-0.007990546,-0.03110135,0.008347589,0.002367282,0.004142904
24,A + C + F,A + C + F,A + C + F,1,1,1,1,1,1,1,1,1,1,2,11,32.5836129,30.21,30.9,31.42054545,1293,870,566.2,846.5454545,42,53,0,-4.003022834,108,0.2031,89,0,62,0,5308,0.4182,7891,0.3378,10936,0.3005,5404,0.4527,5024,0.3419,6,0,0,4,0,0,6,0,0,5,0,0,9,0,0,9,8,2,6,0,0,9,17,0,6,15,5,6,0,0,9,12,0,4,22,0,0,1,0,0,13,0,0,16,3,23,3.17805383,1,24,31,42,73,25,61,86,79,104,183,29,2,36,279,0,280,411,905,1221,719,3,0,1,6,0,3,0,7,1.020520424,-1.020520424,0.193920457,0.577497188,0.075564954,0.209540229,0.270154908
25,A 1x,A 1x,Atrazine,1,0,0,0,0,0,0,1,0,0,2,12,32.00941935,30.10665,31,30.85593939,1094,1425,1151.5,718.5454545,77,59,0,-4.003022834,52,0,147,0.5467,46,0,8382,0.3781,4680,0.3768,1572,0.1388,6387,0.4331,10980,0.4789,0,0,0,2,0,0,1,0,0,0,0,0,4,0,0,0,0,0,0,0,0,1,0,0,1,0,0,0,0,0,1,0,0,0,0,0,3,0,0,0,0,0,0,0,0,3,1.386294361,0,3,8,0,8,2,0,2,13,0,13,13,1,22,0,0,16,0,29,67,13,0,3,0,7,0,3,1,6,-0.020545899,0.020545899,-0.090185777,-0.351176109,0.12464437,0.006953941,0.151526177
26,A 2x,A 2x,Atrazine,1,0,0,0,0,0,0,2,0,0,2,13,32.65709677,30.94775,31.4,31.32257576,404,652,916.6,822.3030303,64,78,0,-4.003022834,82,0,40,0,62,0,10070,0.3514,5855,0.3018,5174,0.2465,2485,0.4553,6017,0.4074,10,0,0,0,0,0,5,0,0,0,0,1,8,0,0,2,0,0,0,0,0,1,0,0,0,0,1,0,0,0,3,0,0,2,0,0,0,0,0,1,0,0,2,0,0,10,2.397895273,0,10,13,0,13,11,0,11,34,0,34,6,0,14,0,0,2,89,119,135,95,0,3,1,6,2,1,0,7,-0.046147891,0.046147891,-0.050343982,-0.259209354,0.124330779,0.046354189,0.22129271
27,S,Control,Control,0,0,0,0,0,0,0,0,0,0,3,1,32.497,30.504375,31.4,30.57443243,1345,873,1255.7,881.0810811,38,67,0,-4.003022834,108,0,85,0,51,0,13529,0.3881,12641,0.3249,9056,0.1296,4331,0.3498,5293,0.3721,0,0,0,0,0,0,0,0,0,1,0,0,0,0,0,0,0,0,0,0,0,0,0,0,0,0,0,0,0,0,0,0,0,0,0,0,0,0,0,0,0,0,0,0,0,1,0.693147181,0,1,0,0,0,0,0,0,1,0,1,5,0,11,0,0,0,0,2,13,5,0,3,0,7,1,2,0,7,0.000785909,-0.000785909,0.020156805,0.091354721,-0.00295848,-0.000437815,-0.000824118
28,F 2x,F 2x,Fertilizer,0,0,1,0,0,0,0,0,0,2,3,2,32.25777419,30.104125,30.5,30.52816216,828,732,461.9,764.5405405,10,78,0,-4.003022834,120,0.1111,109,0.2045,61,0,8855,0.3963,8165,0.1977,5576,0.0447,8208,0.2983,9904,0.3002,0,0,0,0,0,0,0,0,0,0,0,1,0,0,0,0,0,0,0,0,0,0,0,0,0,0,0,0,0,0,0,0,0,0,0,0,0,0,0,0,0,0,0,0,0,0,0,0,0,0,0,0,0,0,0,0,0,0,0,0,0,0,0,0,0,0,0,0,0,3,0,7,1,2,0,7,0.000785909,-0.000785909,0.236669665,0.306079638,-0.103989069,0.001914595,0.090630729
29,A 2x,A 2x,Atrazine,1,0,0,0,0,0,0,2,0,0,3,3,32.70380645,30.4601875,31.4,30.87543243,1963,900,1010.1,643.2432432,66,87,0,-4.003022834,88,0,145,0.4377,62,0,4832,0.5684,6623,0.2976,2081,0.2295,6531,0.4587,8423,0.5376,2,0,1,2,0,0,13,0,0,1,0,0,19,0,0,3,0,0,1,0,0,2,0,0,2,0,0,0,0,0,0,0,0,0,0,0,0,0,0,0,0,0,0,0,0,4,1.609437912,0,4,23,0,23,18,0,18,45,0,45,0,0,4,0,0,0,0,0,4,0,1,2,0,7,2,1,0,7,-0.04584483,0.04584483,0.000532818,-0.304807672,0.134829933,0.002263026,0.143219912
30,F + C,F + C,F + C,0,1,1,0,0,1,0,0,1,1,3,4,32.29106452,29.7118125,30.4,31.52167568,1833,443,707.8,1572.324324,31,137,0.4009,-0.386939377,76,0,142,0.4044,2181,0.4217,8038,0.5421,3907,0.2738,7779,0.019,1267,0.4386,4498,0.3076,6,0,0,5,0,0,2,0,1,10,0,0,12,0,0,12,7,0,9,6,0,13,37,0,9,46,0,3,36,0,16,13,0,6,25,0,0,2,0,0,4,0,0,6,0,28,3.36729583,44,72,46,54,100,29,84,113,103,182,285,25,0,169,38,0,50,140,1689,1908,203,0,3,1,6,0,3,0,7,1.139602314,-1.139602314,0.123879565,0.184518739,-0.07211705,0.170244685,0.082926349
31,C 1x,C 1x,Chlorpyrifos,0,1,0,0,0,0,0,0,1,0,3,5,32.91067742,30.6149375,32.4,31.52997297,1459,722,1968.7,1098.378378,56,77,0,-4.003022834,70,0,85,0,43,0,8516,0.416,9117,0.2233,9851,0.1119,11006,0.2595,6543,0.4968,1,0,0,0,0,0,1,0,0,1,1,0,1,0,0,0,0,0,0,0,0,0,0,0,2,0,0,2,0,0,6,0,0,6,0,0,0,0,0,7,2,0,2,0,0,4,1.609437912,1,5,14,2,16,11,0,11,29,3,32,18,0,25,43,0,43,80,98,166,141,3,0,0,7,0,3,0,7,1.08036443,-1.08036443,-0.049395992,0.084538985,-0.024052022,0.115852476,-0.100676048
32,C + A,C + A,C + A,1,1,0,1,0,0,0,1,1,0,3,6,32.39432258,30.40021875,31.6,31.90281081,694,830,1159.1,1365.621622,56,56,0,-4.003022834,100,0,38,0,715,0.3638,7508,0.3251,4858,0.2918,4316,0.1551,1458,0.4533,7696,0.4957,7,0,1,2,0,1,2,0,0,6,0,0,5,1,0,7,0,1,7,0,0,6,0,0,5,2,0,4,0,0,2,6,0,2,6,0,0,0,0,0,1,0,0,0,0,24,3.218875825,0,24,15,8,23,16,8,24,55,16,71,43,0,46,188,1,189,310,363,598,541,2,1,1,6,0,3,0,7,1.045232148,-1.045232148,0.000600481,-0.330809289,0.123057351,0.166103183,0.12756515
33,F 1x,F 1x,Fertilizer,0,0,1,0,0,0,0,0,0,1,3,7,32.6143871,30.07584375,31.4,30.95283784,1270,683,1354.3,918.7027027,54,41,0,-4.003022834,68,0,60,0,114,0.2822,9404,0.4588,8605,0.2757,10509,0.036,12253,0.3527,5270,0.3645,3,0,1,5,0,0,2,0,0,0,0,0,4,0,0,4,0,0,0,0,0,2,0,0,0,0,0,0,0,0,0,0,0,0,0,0,0,0,0,0,0,0,0,0,0,3,1.386294361,0,3,11,0,11,6,0,6,20,0,20,0,0,2,0,0,0,0,1,3,0,0,3,0,7,2,1,0,7,0.013696115,-0.013696115,0.034098894,0.370160742,-0.079730295,0.014453358,0.112833279
34,A + F,A + F,A + F,1,0,1,0,1,0,0,1,0,1,3,8,33.1013871,30.0474375,31.5,31.21059459,2027,618,1611.4,773.8378378,44,57,0,-4.003022834,127,0.1458,81,0,213,0.5553,5783,0.4387,10780,0.2025,8730,0.099,13399,0.3437,1152,0.4352,4,0,0,3,1,0,6,0,0,2,0,0,3,0,0,1,0,0,1,0,0,1,0,0,0,0,0,2,0,0,1,0,0,0,0,0,0,0,0,0,0,0,0,0,0,9,2.302585093,0,9,8,1,9,7,0,7,24,1,25,0,0,18,0,0,0,0,3,21,0,0,3,0,7,2,1,0,7,0.013696115,-0.013696115,0.221497411,0.602295752,0.034143839,6.45E-05,0.205002127
35,A 1x,A 1x,Atrazine,1,0,0,0,0,0,0,1,0,0,3,9,32.64703226,29.92184375,31,31.03213514,2027,449,987.4,831.3513514,52,56,0,-4.003022834,63,0,70,0,556,0.0296,10671,0.3614,6933,0.3496,9678,0.1216,4731,0.3072,2986,0.3721,0,0,0,8,0,0,1,0,0,0,0,0,7,0,0,1,0,0,0,0,0,3,0,0,2,0,0,0,0,0,0,0,0,2,0,0,0,0,1,0,0,0,0,0,0,0,0,0,0,18,0,18,6,0,6,24,0,24,3,1,9,0,0,0,0,2,11,3,0,3,0,7,2,1,0,7,0.013696115,-0.013696115,-0.087175211,-0.16056731,0.088575197,0.00527488,0.148553041
36,C 2x,C 2x,Chlorpyrifos,0,1,0,0,0,0,0,0,2,0,3,10,32.69364516,30.4601875,31.7,31.67075676,1809,935,1649.1,1959.783784,39,93,0,-4.003022834,67,0,47,0,137,0.3851,6202,0.314,5018,0.1836,7284,0.0969,5445,0.373,2234,0.127,2,0,0,0,0,0,0,0,0,0,0,0,4,0,0,0,0,0,0,0,0,7,0,0,1,0,0,4,0,0,1,2,0,0,2,0,1,0,0,1,14,0,0,8,0,7,2.079441542,0,7,13,16,29,1,10,11,21,26,47,12,2,290,8,0,79,40,619,988,60,1,2,0,7,2,1,1,6,1.149803648,-1.149803648,-0.036349082,0.052856385,-0.048791076,0.139612372,-0.05860409
38,W,Control,Control,0,0,0,0,0,0,0,0,0,0,3,12,32.76729032,30.19540625,31.4,31.53948649,1965,843,1914.3,1290.810811,26,51,0,-4.003022834,58,0,58,0,68,0,6723,0.3975,5142,0.3074,3543,0.1743,1047,0.3272,1862,0.2002,1,0,0,10,0,0,0,0,0,0,0,0,4,0,0,0,0,0,0,0,0,5,0,0,1,1,1,0,0,0,1,0,0,0,1,0,0,0,0,0,0,0,0,0,0,1,0.693147181,0,1,20,0,20,1,2,3,22,2,24,9,0,14,0,0,0,0,2,16,9,0,3,0,7,3,0,0,7,0.035766259,-0.035766259,-0.095310228,-0.097735129,-0.01353932,0.006184376,0.010901882
39,A + C + F,A + C + F,A + C + F,1,1,1,1,1,1,1,1,1,1,3,13,33.13154839,30.9443125,31.9,31.75097297,1127,951,1523.2,1456.864865,48,139,0.4398,-0.233214829,108,0,95,0,1717,0.2551,9493,0.3646,15034,0.3205,2260,0.2242,16191,0.4944,1377,0.3101,0,0,1,1,0,0,1,0,0,7,0,0,8,0,0,2,5,0,3,0,0,5,16,0,4,24,0,1,0,0,5,22,0,4,11,0,2,0,0,1,7,1,0,6,2,13,2.63905733,0,13,20,45,65,11,46,57,44,91,135,14,0,75,241,0,363,12,1050,1488,267,3,0,0,7,0,3,2,5,1.054141166,-1.054141166,0.123447041,0.555655933,0.076393001,0.18085542,0.219362342
40,F + C,F + C,F + C,0,1,1,0,0,1,0,0,1,1,4,1,33.88955172,30.5015,29.3,31.69962857,1085,574,608,1356.8,13,98,0,-4.003022834,127,0,72,0,623,0.5022,13409,0.4313,9292,0.3575,2413,0.2439,5102,0.3752,17517,0.3674,1,0,1,15,0,0,6,0,0,4,0,0,11,0,0,21,11,2,5,1,0,13,0,0,22,46,2,1,6,0,26,11,0,1,148,0,0,10,2,0,0,0,0,57,0,11,2.48490665,17,28,65,11,76,50,262,312,126,290,416,234,2,318,115,0,708,719,1545,2571,1068,2,1,1,6,0,3,0,7,1.045232148,-1.045232148,0.175741416,0.220414233,-0.036176452,0.193035747,0.123282781
41,C 1x,C 1x,Chlorpyrifos,0,1,0,0,0,0,0,0,1,0,4,2,33.10793548,30.64359375,31.2,31.67311429,2098,862,416.6,1246.171429,49,77,0,-4.003022834,77,0,93,0,156,0.5635,6891,0.4205,4980,0.3757,5426,0.166,3230,0.4845,3436,0.3465,5,0,0,0,0,2,2,0,0,11,0,0,4,0,0,5,0,1,7,1,0,0,5,1,7,8,2,8,1,0,0,10,0,4,1,0,0,0,0,0,12,0,0,5,0,31,3.465735903,2,33,4,27,31,18,14,32,53,43,96,441,0,443,62,0,216,174,685,1344,677,2,1,1,6,0,3,0,7,1.045232148,-1.045232148,-0.007318526,-0.043638956,0.031714928,0.182657033,0.017615653
43,A + F,A + F,A + F,1,0,1,0,1,0,0,1,0,1,4,4,33.42012903,30.9821875,31.7,31.68088571,1984,923,1793.7,919.7714286,136,36,0,-4.003022834,114,0.1543,21,0,124,0.6047,6722,0.4078,14247,0.3044,12721,0,16350,0.5075,1999,0.3663,7,0,0,4,0,0,5,0,0,7,0,0,1,0,0,3,0,0,0,0,0,2,0,0,4,0,0,0,0,0,3,0,0,4,1,0,0,0,0,0,0,0,0,0,0,14,2.708050201,0,14,10,0,10,16,1,17,40,1,41,0,0,4,0,0,0,2,4,8,2,0,3,0,7,1,2,0,7,0.000785909,-0.000785909,0.185437221,0.682348569,0.029908033,0.016401165,0.233929713
44,A 1x,A 1x,Atrazine,1,0,0,0,0,0,0,1,0,0,4,5,33.20551613,30.9598125,32.4,31.61842857,1947,802,1835.2,739.8857143,52,86,0,-4.003022834,91,0,33,0,77,0,7091,0.5787,2445,0.3606,5239,0.1594,8762,0.3651,14597,0.4777,2,0,0,4,0,0,6,0,0,4,0,0,1,0,0,11,0,0,0,0,0,3,0,0,3,0,0,0,0,0,0,0,0,0,0,0,0,0,0,0,0,0,0,0,0,6,1.945910149,0,6,8,0,8,20,0,20,34,0,34,0,0,1,0,0,0,0,0,1,0,0,3,0,7,3,0,0,7,0.035766259,-0.035766259,-0.028124974,-0.29622888,0.111706503,-0.004277171,0.131639101
45,A + C + F,A + C + F,A + C + F,1,1,1,1,1,1,1,1,1,1,4,6,33.21912903,30.62121875,31.5,31.5516,1035,736,1730.6,744.4571429,41,61,0,-4.003022834,77,0,77,0,109,0,7562,0.2925,16789,0.3434,11436,0.0438,5634,0.4846,2733,0.3463,2,0,0,1,0,0,3,0,1,11,0,2,3,0,0,3,1,1,11,0,0,5,18,0,3,16,0,6,0,0,3,16,0,1,5,0,2,0,0,0,4,4,0,4,1,32,3.496507561,0,32,12,38,50,10,26,36,54,64,118,14,0,75,234,0,266,341,839,1180,589,3,0,1,6,0,3,0,7,1.020520424,-1.020520424,0.024175592,0.648710504,0.048959005,0.213107827,0.276472101
46,F 1x,F 1x,Fertilizer,0,0,1,0,0,0,0,0,0,1,4,7,33.73996774,30.6276875,32.2,31.5278,1604,683,2349.3,1137.371429,58,117,0.3257,-0.699372318,132,0.041,73,0,116,0.4978,5388,0.4375,13309,0.3372,8644,0.0552,14666,0.2267,15673,0.375,23,0,0,3,0,0,6,0,0,3,5,0,10,1,0,6,2,0,0,0,0,12,0,0,4,0,0,0,0,0,7,0,0,5,0,0,0,0,0,0,0,0,0,0,0,26,3.295836866,5,31,32,1,33,21,2,23,79,8,87,0,0,3,0,0,0,0,0,3,0,0,3,0,7,2,1,0,7,0.013696115,-0.013696115,0.232814528,0.400403459,-0.094636682,0.005102352,0.096275331
47,C 2x,C 2x,Chlorpyrifos,0,1,0,0,0,0,0,0,2,0,4,8,33.37980645,30.994625,32.6,32.54448571,1342,706,2502.2,1443.2,53,108,0.3648,-0.533722664,121,0.0941,40,0,247,0.5265,7220,0.3003,8829,0.2896,9601,0.1029,2554,0.3673,5449,0.394,2,0,0,0,0,0,0,0,0,0,0,0,1,0,0,0,0,0,5,0,0,5,1,0,4,6,0,0,0,0,7,0,0,3,5,0,2,0,0,1,8,1,0,12,1,9,2.302585093,0,9,14,9,23,7,23,30,30,32,62,19,1,28,169,0,176,431,539,743,619,2,1,1,6,0,3,0,7,1.045232148,-1.045232148,0.149554127,0.035664346,-0.003981648,0.163139253,-0.016944736
48,F 2x,F 2x,Fertilizer,0,0,1,0,0,0,0,0,0,2,4,9,33.24883871,30.51425,31.6,31.27777143,1573,614,2059.6,662.6285714,57,119,0.2452,-1.075605139,177,0.2137,119,0.1176,89,0.3663,5040,0.4875,1999,0.3348,4000,0.1158,9282,0.2923,5056,0.2311,1,0,0,0,0,0,0,0,0,3,0,0,1,0,0,0,6,0,1,0,0,0,0,0,1,0,0,0,0,0,12,1,0,7,11,0,0,0,0,0,0,0,0,0,0,5,1.791759469,0,5,13,1,14,8,17,25,26,18,44,1,0,11,0,0,4,0,26,41,1,0,3,0,7,2,1,0,7,0.013696115,-0.013696115,0.356265661,0.169943942,-0.074456875,0.014909427,0.113640847
49,S,Control,Control,0,0,0,0,0,0,0,0,0,0,4,10,34.28316129,31.236125,32.4,31.55257143,2535,1083,3330.7,596.1142857,33,51,0,-4.003022834,56,0,74,0,103,0,7821,0.3761,8603,0.3479,11456,0.1484,6725,0.3444,5643,0.2393,0,0,0,0,0,0,1,0,0,0,0,0,1,0,0,0,0,0,0,0,0,0,0,0,0,0,0,0,0,0,0,0,0,0,0,0,0,0,0,0,0,0,0,0,0,0,0,0,0,1,0,1,1,0,1,2,0,2,0,0,9,0,0,0,3,7,16,3,2,1,0,7,2,1,0,7,-0.08067405,0.08067405,-0.090774563,0.122242014,-0.014641528,0.028674571,0.050725564
50,W,Control,Control,0,0,0,0,0,0,0,0,0,0,4,11,33.76603226,31.28140625,32.1,31.16417143,2009,999,1402.7,602.9714286,73,48,0,-4.003022834,65,0,78,0,105,0.5254,11290,0.3288,7308,0.3978,9368,0.0788,1990,0.3806,4114,0.3936,1,0,0,2,0,0,1,0,1,1,0,1,1,0,0,1,0,0,0,0,0,0,0,0,0,0,0,0,0,0,0,0,0,0,1,0,0,0,0,0,0,0,0,0,0,2,1.098612289,0,2,3,0,3,2,1,3,7,1,8,0,0,12,0,0,0,1,6,18,1,0,3,0,7,2,1,0,7,0.013696115,-0.013696115,-0.049175812,0.006091929,0.007332795,0.00679896,0.011990135
51,A 2x,A 2x,Atrazine,1,0,0,0,0,0,0,2,0,0,4,12,32.63677419,31.1076875,31.9,31.75374286,1542,942,745.3,1013.028571,108,66,0,-4.003022834,82,0,70,0,113,0.52,10470,0.3526,21795,0.4956,1123,0.2073,6205,0.5175,1464,0.3163,5,0,0,6,0,0,14,0,0,0,0,0,4,0,0,6,0,0,0,0,0,0,0,0,0,0,0,0,0,0,2,0,0,2,2,0,0,0,1,0,0,0,0,0,0,5,1.791759469,0,5,12,0,12,22,2,24,39,2,41,3,0,12,0,0,0,0,12,24,3,1,2,0,7,2,1,0,7,-0.04584483,0.04584483,-0.031043307,-0.210037901,0.14680196,0.008182146,0.153700976
52,C + A,C + A,C + A,1,1,0,1,0,0,0,1,1,0,4,13,33.50106452,31.4536875,32.5,31.961,1374,981,1570.7,755.6571429,50,56,0,-4.003022834,76,0,52,0,78,0,8120,0.5505,7683,0.3348,967,0.2793,14057,0.186,5647,0.5252,1,0,0,0,0,0,1,0,0,5,0,1,5,0,0,3,3,0,16,4,0,4,0,1,4,25,0,17,7,0,7,5,0,19,10,0,4,1,0,2,4,1,0,25,2,43,3.784189634,12,55,18,9,27,27,63,90,88,84,172,239,12,265,43,1,44,679,1230,1539,961,3,0,1,6,0,3,0,7,1.020520424,-1.020520424,-0.069059517,-0.324560085,0.093732809,0.186341174,0.163400825
53,A 1x,A 1x,Atrazine,1,0,0,0,0,0,0,1,0,0,5,1,32.99764516,31.72435294,32.4,31.51359459,981,1009,747.4,372.2702703,90,34,0,-4.003022834,109,0,52,0,61,0,6324,0.3267,1522,0.4758,2630,0.3554,11089,0.522,3646,0.2953,0,0,2,3,0,0,2,0,0,3,0,0,5,0,0,1,0,0,2,0,0,0,0,0,0,0,0,0,0,0,0,0,0,0,0,0,0,0,0,0,0,0,0,0,0,5,1.791759469,0,5,8,0,8,3,0,3,16,0,16,0,0,7,0,0,0,0,1,8,0,0,3,0,7,2,1,1,6,0.001524245,-0.001524245,-0.019996382,-0.352025528,0.155322555,-0.005782497,0.1289736
54,A 2x,A 2x,Atrazine,1,0,0,0,0,0,0,2,0,0,5,2,33.13145161,31.91085294,32.5,32.53637838,844,928,1682.6,921.9459459,40,71,0,-4.003022834,63,0,59,0,60,0,9994,0.3366,4440,0.2876,3929,0.1471,1466,0.3199,13349,0.4181,0,0,1,1,0,0,0,0,0,1,0,16,1,0,0,0,1,0,0,0,0,2,0,0,0,0,0,1,0,0,2,0,0,1,0,0,0,0,0,0,0,0,0,0,0,2,1.098612289,0,2,6,0,6,1,1,2,9,1,10,16,0,22,0,0,1,0,35,58,16,0,3,0,7,0,3,0,7,-0.008374028,0.008374028,-0.087033116,-0.334354284,0.089910252,0.011243462,0.159121688
55,C 2x,C 2x,Chlorpyrifos,0,1,0,0,0,0,0,0,2,0,5,3,32.72390323,31.24141176,32.5,31.80062162,575,639,1933.4,507.8918919,61,99,0,-4.003022834,91,0.3333,163,0.5604,369,0.5476,9458,0.3457,8494,0.3065,8999,0.1512,1638,0.4387,12053,0.4096,3,0,0,0,0,0,1,0,0,3,1,21,0,0,0,0,0,0,0,4,0,0,0,0,2,10,0,5,10,0,2,21,0,2,13,0,0,7,0,0,3,0,0,5,0,11,2.48490665,22,33,2,24,26,5,28,33,18,74,92,669,21,747,198,0,216,711,770,1733,1578,2,1,1,6,0,3,1,6,1.033060278,-1.033060278,0.205813147,0.007651039,0.015261932,0.194873773,0.039247993
56,W,Control,Control,0,0,0,0,0,0,0,0,0,0,5,4,32.62432258,31.14952941,32.2,31.44516216,690,734,1354.3,474.1621622,27,66,0,-4.003022834,96,0,72,0,96,0,12472,0.4968,2085,0.2508,3709,0.1169,8130,0.2759,1348,0.1478,1,0,0,13,0,0,2,0,0,0,0,0,12,0,0,5,0,0,0,0,0,11,0,0,6,0,0,0,0,0,0,0,0,0,0,0,0,0,0,0,0,0,0,0,0,1,0.693147181,0,1,36,0,36,13,0,13,50,0,50,0,0,0,0,0,0,1,2,2,1,0,3,0,7,2,1,0,7,0.013696115,-0.013696115,-0.004364375,-0.075970082,-0.043783642,0.007502652,0.013236171
57,F 2x,F 2x,Fertilizer,0,0,1,0,0,0,0,0,0,2,5,5,33.60216129,31.03497059,33,32.24475676,1959,509,2015,904.2162162,41,230,0.5192,0.074079366,148,0.2143,83,0,713,0.4718,7667,0.4174,16799,0.2752,8149,0.1551,29402,0.2755,3727,0.2304,0,0,0,5,0,0,9,0,0,0,0,0,5,0,0,2,0,0,0,0,0,0,0,0,0,0,0,0,0,0,0,0,0,3,0,0,0,1,0,0,0,0,0,0,0,0,0,1,1,10,0,10,14,0,14,24,1,25,0,0,0,0,0,0,0,0,0,0,0,3,0,7,1,2,0,7,0.000785909,-0.000785909,0.33216282,0.475651754,-0.086915485,-0.006141629,0.076365466
58,C 1x,C 1x,Chlorpyrifos,0,1,0,0,0,0,0,0,1,0,5,6,32.88419355,31.30417647,32.4,31.79789189,1117,832,1840,145.4864865,29,151,0.5296,0.114277694,103,0,63,0,78,0,4536,0.4445,8002,0.2794,7214,0.0961,4488,0.4712,1817,0.1205,3,0,1,11,0,0,17,0,0,2,0,0,18,0,0,19,0,0,6,0,1,6,3,1,15,7,1,4,0,0,3,19,0,5,6,0,0,0,0,0,12,2,0,9,0,15,2.772588722,0,15,38,34,72,56,22,78,109,56,165,99,1,119,258,0,267,499,522,908,856,2,1,1,6,0,3,0,7,1.045232148,-1.045232148,0.029138506,0.091198465,-0.021092366,0.213605969,0.072417338
59,A + F,A + F,A + F,1,0,1,0,1,0,0,1,0,1,5,7,33.63554839,31.69832353,32,31.61410811,847,1293,983.7,560.8648649,45,72,0,-4.003022834,103,0,57,0,129,0.5839,11900,0.3116,18045,0.2703,5672,0.1795,7708,0.3563,4539,0.2505,2,0,0,3,0,0,6,0,1,2,0,0,14,0,0,2,0,0,0,0,0,0,0,0,0,0,0,0,0,0,1,0,0,2,0,0,0,0,0,0,0,0,0,0,0,4,1.609437912,0,4,18,0,18,10,0,10,32,0,32,12,2,17,0,0,0,1,1,18,13,0,3,0,7,1,2,0,7,0.000785909,-0.000785909,0.101329754,0.629506812,0.030117871,0.019026946,0.238579218
60,C + A,C + A,C + A,1,1,0,1,0,0,0,1,1,0,5,8,33.03435484,30.90185294,32.5,32.18356757,1357,497,2328.8,1095.351351,33,41,0,-4.003022834,67,0,83,0,369,0.5086,7275,0.476,4172,0.5731,1901,0.1608,6879,0.4151,3831,0.3124,6,0,1,8,0,0,3,0,1,7,0,0,16,0,0,7,0,1,7,0,0,8,9,0,2,18,0,5,2,0,0,35,0,0,13,0,7,1,0,0,5,0,0,6,0,32,3.496507561,3,35,32,49,81,12,37,49,76,89,165,35,0,48,497,1,516,600,651,1215,1132,1,2,1,6,0,3,0,7,1.080061369,-1.080061369,-0.063777093,-0.312487153,0.131955686,0.221074551,0.22490367
61,F + C,F + C,F + C,0,1,1,0,0,1,0,0,1,1,5,9,32.45729032,30.89952941,31.8,31.79086486,797,955,234.6,979.8918919,41,104,0,-4.003022834,111,0.2961,38,0,296,0.5514,3754,0.5489,14297,0.3479,5844,0.1361,7658,0.4378,13519,0.2486,18,0,1,4,0,1,2,0,0,14,0,0,10,0,0,13,0,0,42,0,1,6,1,1,14,3,0,23,0,0,7,2,0,16,3,0,0,31,0,1,19,3,0,8,0,97,4.584967479,31,128,28,22,50,45,14,59,170,67,237,138,0,147,533,0,552,625,711,1410,1296,2,1,1,6,0,3,0,7,1.045232148,-1.045232148,0.279899508,0.375445878,-0.053629776,0.209680451,0.152755774
62,A + C + F,A + C + F,A + C + F,1,1,1,1,1,1,1,1,1,1,5,10,33.36641935,31.92005882,32.8,31.71518919,1177,1010,3051.4,767.3513514,102,42,0,-4.003022834,85,0,60,0,129,0.5684,13878,0.4203,7724,0.2914,6282,0.1996,9468,0.5911,10014,0.3481,13,0,0,1,0,0,4,0,0,28,0,0,5,0,0,12,0,1,26,0,0,7,0,0,9,2,0,18,0,0,7,1,0,8,4,0,7,0,0,14,8,1,11,6,2,92,4.532599493,0,92,34,9,43,44,12,56,170,21,191,20,0,22,60,0,60,462,470,552,542,3,0,1,6,0,3,0,7,1.020520424,-1.020520424,0.061627173,0.554071005,0.081274562,0.181722117,0.220897014
63,S,Control,Control,0,0,0,0,0,0,0,0,0,0,5,11,32.70393548,31.51285294,32.4,30.83210811,1072,1149,1719.7,388.5405405,17,14,0,-4.003022834,81,0,87,0,64,0,2373,0.4733,795,0.3566,4571,0.4094,3388,0.4332,1052,0.2669,2,0,0,21,0,1,14,0,1,0,0,0,19,0,0,10,0,0,2,0,0,8,0,0,5,1,0,2,0,0,4,0,0,2,0,0,0,0,0,0,0,0,0,0,0,6,1.945910149,0,6,52,0,52,31,1,32,89,1,90,13,0,23,0,0,5,31,52,80,44,0,3,0,7,3,0,1,6,0.023594388,-0.023594388,-0.068582598,-0.210397045,0.042379147,0.026778648,0.047368429
64,F 1x,F 1x,Fertilizer,0,0,1,0,0,0,0,0,0,1,5,12,33.00109677,31.13785294,32.3,31.59621622,1134,990,1688.8,1133.405405,71,67,0,-4.003022834,122,0.3846,955,0.4877,193,0.5372,2230,0.5046,10977,0.3115,10527,0.0636,934,0.4079,9959,0.3051,0,0,1,2,0,0,3,0,0,1,0,0,3,0,0,0,5,0,1,0,0,7,0,0,7,10,0,4,1,0,11,0,0,15,8,0,8,0,0,13,0,0,9,1,0,14,2.708050201,1,15,36,0,36,34,24,58,84,25,109,0,0,25,0,0,0,0,54,79,0,0,3,0,7,2,1,2,5,-0.012527149,0.012527149,0.356457717,0.294844689,-0.064389433,-0.000414469,0.086506624
